,0,1,2,3,4,5,6
8TRA.ST,-0.73681355,-0.45015812,-0.5234909,-0.44082046,-0.45288682,-0.50030947,-0.584507
ABB.ST,-0.34613487,-0.030189527,-0.105607755,-0.060201775,-0.072508454,-0.16127162,-0.26677823
ACAD.ST,-2.124872,-1.8594979,-1.9111484,-1.8769952,-1.8663906,-1.956386,-2.0548313
ACTI.ST,21.492449,13.285861,15.454704,19.181438,21.658163,26.346395,29.17493
ADAPT.ST,-2.7320678,-2.5166094,-2.5387988,-2.5417516,-2.4993508,-2.6183202,-2.7223804
AF-B.ST,-2.403734,-2.16608,-2.1967745,-2.1996944,-2.1661284,-2.2882905,-2.396517
AJA-B.ST,-2.0521739,-1.8236558,-1.8498656,-1.8565339,-1.8176123,-1.9428002,-2.0514019
ALM-PREF.ST,-3.685774,-3.427701,-3.4674203,-3.4777005,-3.4527254,-3.5852814,-3.7009196
AMAST.ST,189.47986,115.228294,134.33766,167.41556,188.95955,231.49123,257.23145
ARJO-B.ST,-2.3762596,-2.154414,-2.1719368,-2.1989286,-2.1510153,-2.294319,-2.409229
ATCO-A.ST,-0.5620053,-0.2489082,-0.3234366,-0.2777837,-0.28928384,-0.3772383,-0.4820119
AZA.ST,0.19155446,0.33596054,0.33837694,0.35876948,0.42794493,0.33949512,0.25650355
B3.ST,3.7572834,3.8140721,3.80236,4.0197964,4.068949,4.183519,4.195904
BACTI-B.ST,-5.4484906,-5.2203565,-5.2443404,-5.262765,-5.224267,-5.357083,-5.4673986
BERG-B.ST,-0.7654801,-0.8153434,-0.75716335,-0.653312,-0.5297485,-0.50794405,-0.5196458
BETS-B.ST,3.3393679,3.1065714,3.2327507,3.3607972,3.558398,3.6247654,3.6533186
BIM.ST,-2.4718738,-2.9181511,-2.704715,-2.584371,-2.3023756,-2.205271,-2.1334345
BONAS.ST,-2.315429,-2.000353,-2.0688808,-2.0523765,-2.0578818,-2.1730356,-2.2888482
BONAV-B.ST,-1.4826219,-1.1833942,-1.3094493,-1.0584179,-1.1301638,-1.0152923,-1.0341065
BRIN-B.ST,11.839814,10.796551,11.031631,11.903218,12.212442,13.112085,13.578666
BTS-B.ST,-2.5112581,-2.3356771,-2.330556,-2.3694086,-2.298162,-2.4458122,-2.5562048
CAT-B.ST,0.07705548,0.12840249,0.20570417,0.095279984,0.24528168,0.04352112,-0.07379369
CCC.ST,-4.3410416,-3.99542,-4.1391225,-3.8973734,-3.9897344,-3.8873968,-3.9162996
CCOR-B.ST,-4.0046506,-7.2187047,-6.283741,-4.8627234,-3.8111236,-2.0584571,-0.97460276
CIBUS.ST,-0.37721223,-0.11820258,-0.15591422,-0.16407934,-0.13546504,-0.26840782,-0.38484845
COIC.ST,-1.4728693,-1.1582001,-1.2431866,-1.15909,-1.1841949,-1.2331321,-1.3211629
CORE-B.ST,1.0633736,1.2782776,1.2609267,1.2546703,1.3038708,1.1792864,1.0723978
CTT.ST,-1.3500873,-1.1432072,-1.1545782,-1.1755697,-1.1215342,-1.2569959,-1.3665662
DIGN.ST,1.6750088,1.7468246,1.7392728,1.9132524,1.9669069,2.0385747,2.0316892
ELOS-B.ST,-1.3192232,-1.1568091,-1.1427917,-1.1945266,-1.11227,-1.2722256,-1.3866789
ENDO.ST,23.062128,12.520468,15.2260275,20.15186,23.25855,29.443663,33.133934
EOS.ST,0.4959913,-0.19124794,0.058494363,0.41040954,0.7248883,1.0797814,1.2888312
EPI-A.ST,1.6277553,1.8714325,1.8448246,1.8222125,1.8644733,1.7175691,1.5965506
EPI-B.ST,1.734226,2.0061965,1.9625008,1.9608139,1.9847077,1.8541421,1.7362449
EQT.ST,-4.0223894,-3.7734826,-3.8073392,-3.8183374,-3.789112,-3.9191344,-4.0315127
ERIC-A.ST,26.05205,22.744715,23.709093,25.165852,26.280603,28.055471,29.14418
FIRE.ST,-4.152138,-3.8975441,-3.9430494,-3.920895,-3.9047577,-4.003278,-4.1033673
FLEXM.ST,-5.7378783,-5.976353,-5.78968,-5.8727493,-5.6161,-5.742551,-5.7882724
FLEXQ.ST,0.9667719,1.1706338,1.0645579,1.3928256,1.3401424,1.5427221,1.5724305
G5EN.ST,0.07875884,-0.68480676,-0.4794221,0.14491452,0.40500718,1.0366695,1.3702028
GENO.ST,-1.2233715,-1.2267842,-1.1639124,-1.1431714,-1.0133061,-1.0780104,-1.1309865
GIGSEK.ST,20.347673,17.842438,18.61142,19.706318,20.575453,21.892035,22.715322
GREAT.ST,-2.8243055,-2.650295,-2.6383653,-2.700632,-2.6217766,-2.7918108,-2.911173
GREEN.ST,-2.856294,-2.6051407,-2.6514845,-2.6192954,-2.6032534,-2.6928852,-2.7893546
HANZA.ST,-1.0359048,-0.87262726,-0.87664837,-0.8583648,-0.7978414,-0.8889092,-0.97443897
HEIM-PREF.ST,-1.3213743,-1.0565742,-1.0985035,-1.1047267,-1.0806826,-1.2122501,-1.3289282
HIQ.ST,0.6783933,0.53748566,0.6238184,0.75609016,0.9105958,0.9704463,0.985028
HUFV-A.ST,-1.519242,-1.2858347,-1.3128031,-1.3217788,-1.2833911,-1.4118124,-1.5224214
IAR-B.ST,0.01768109,0.29643998,0.20189172,0.38097438,0.34322992,0.39141738,0.34829187
IMMU.ST,-0.33507812,-0.8189017,-0.66837734,-0.26217413,-0.05209254,0.3262739,0.51844364
INISS-B.ST,-2.0940936,-2.1983726,-2.0436368,-2.2082317,-1.9781079,-2.2080305,-2.3159497
INZILE.ST,-1.8263845,-1.5449698,-1.6126553,-1.5443326,-1.5511506,-1.6105127,-1.6985006
IPCO.ST,0.70955324,0.823549,0.8185141,0.920476,0.97803026,0.97463113,0.93161595
IRLAB-A.ST,-2.7001543,-2.9353456,-2.854241,-2.569806,-2.4286914,-2.2035692,-2.1068938
ITAB-B.ST,-1.3165305,-2.6841319,-2.2234657,-1.642653,-1.1167572,-0.43977684,-0.008964353
ITECH.ST,-0.9101337,-0.84872544,-0.7749146,-0.8884273,-0.742937,-0.9479687,-1.0675051
IVSO.ST,-4.5594034,-4.4103928,-4.3906903,-4.4474106,-4.362014,-4.521314,-4.632403
JOMA.ST,-0.23458113,0.036656052,-0.009572009,-0.0030203206,0.01609216,-0.1040696,-0.21671659
JOSE.ST,-4.0864286,-4.231926,-4.143594,-4.019645,-3.8672698,-3.8098533,-3.7937083
KAR.ST,-0.92075795,-0.6210686,-0.683925,-0.66092116,-0.6600042,-0.7676412,-0.8786294
KNOW.ST,0.5910123,0.9064091,0.7998589,0.9633636,0.9155354,0.94155633,0.8834934
LOG.ST,-2.2645857,-2.0671802,-2.074931,-2.1063623,-2.0469801,-2.192325,-2.3055396
LUMI.ST,-0.86650157,-0.60120803,-0.6595302,-0.5998148,-0.5956838,-0.6622435,-0.75155187
LYKO-A.ST,-4.029103,-3.7347574,-3.795923,-3.7751648,-3.7752151,-3.8808398,-3.9890735
MCAP.ST,-8.153568,-8.0025835,-7.9878106,-8.038463,-7.960741,-8.111354,-8.218162
MIDS.ST,-1.7387019,-1.9496964,-1.8086386,-1.7591975,-1.5508935,-1.5560936,-1.5565132
NEXAM.ST,1.0912625,0.6338341,0.7239202,1.3093381,1.4534553,2.0002306,2.2575765
OPUS.ST,0.5004456,0.96666193,0.7681163,1.0445056,0.89709395,1.0120674,0.9715951
ORGC.ST,-2.3332868,-2.0282207,-2.1246812,-1.9839395,-2.023923,-2.0149643,-2.0771813
OV.ST,11.512829,9.597659,10.127506,11.170806,11.793508,12.983321,13.676074
OVZON.ST,-4.4645805,-4.355168,-4.3151703,-4.390135,-4.2823796,-4.454563,-4.5662823
PCELL.ST,-7.5390487,-7.7885337,-7.5523643,-7.80621,-7.4934964,-7.7837605,-7.895747
PFE.ST,1.563676,1.8741523,1.7989637,1.8583499,1.8466824,1.7710681,1.6714271
PLAZ-B.ST,-2.506501,-2.2274034,-2.2853305,-2.2513099,-2.2471437,-2.3392618,-2.440447
PREV-B.ST,-5.121233,-5.8642693,-5.553733,-5.3672695,-4.986396,-4.781149,-4.6265163
PROF-B.ST,3.258172,3.3990319,3.391994,3.4657853,3.524251,3.4869442,3.4254608
RAKE.ST,3.9145691,3.4274254,3.647482,3.823832,4.1154447,4.2670045,4.365025
RECI-B.ST,-0.8047848,-0.5445665,-0.59326005,-0.5598958,-0.5451517,-0.6364968,-0.73528224
SAGA-B.ST,-2.8495126,-2.6930673,-2.6760814,-2.7301493,-2.6464372,-2.8058076,-2.9184344
SAGA-PREF.ST,-1.143699,-0.9079801,-0.9340012,-0.9536134,-0.91272694,-1.0531172,-1.1696271
SAPIAB.ST,-1.5734314,-1.7621943,-1.5562453,-1.7835371,-1.4973621,-1.7773019,-1.895416
SCA-A.ST,-1.2332604,-0.97708374,-1.0161424,-1.0177959,-0.9912728,-1.116797,-1.2296576
SDIP-PREF.ST,-1.0019304,-0.7238431,-0.77274984,-0.7721805,-0.7554198,-0.8824878,-0.999058
SHB-A.ST,-0.24131289,-0.21326485,-0.15208699,-0.17799261,-0.0458563,-0.16317166,-0.24336216
SHOT.ST,-1.9595951,-1.8882614,-1.83214,-1.8999953,-1.7746941,-1.9360183,-2.0385978
SKF-A.ST,0.019305944,0.21235578,0.19408214,0.21745197,0.2648146,0.17244278,0.08161107
SOLNA.ST,0.33141,0.587213,0.55475724,0.53024006,0.56602037,0.41623732,0.29259583
STAR-A.ST,13.477354,11.207067,11.820285,13.04249,13.758296,15.1729355,15.997573
STORY-B.ST,-1.5788313,-1.5648445,-1.4716904,-1.5849308,-1.4202547,-1.6172494,-1.7268802
SVOL-A.ST,-4.003153,-4.288962,-4.072959,-4.182323,-3.8944988,-4.0400534,-4.0873356
SWMA.ST,-3.9770489,-3.7015097,-3.7514663,-3.7452154,-3.732789,-3.8502371,-3.961133
TEQ.ST,-2.5926597,-2.4348807,-2.4526706,-2.3806517,-2.337005,-2.3736482,-2.4355555
TOAD.ST,-18.515718,-18.301666,-18.338787,-18.32249,-18.30706,-18.392967,-18.478668
VBG-B.ST,-2.35115,-2.2083833,-2.1914327,-2.2242181,-2.1408103,-2.2779741,-2.3798046
VEMF-SDB.ST,-6.2461576,-6.0196996,-6.0475955,-6.054305,-6.0201335,-6.14119,-6.246552
VIT-B.ST,-5.4347444,-5.275857,-5.260959,-5.3172336,-5.2373686,-5.3969646,-5.509273
VNV-SDB.ST,-0.7097925,-0.47265795,-0.5011781,-0.5062452,-0.4694167,-0.5948911,-0.7047678
VOLV-A.ST,-1.0901392,-0.8553977,-0.8819791,-0.8942829,-0.8549163,-0.9873486,-1.1000427
WIHL.ST,-2.3762531,-2.1716435,-2.1802177,-2.2133014,-2.1560946,-2.302711,-2.4166234
XANO-B.ST,-2.147328,-1.9605962,-1.986922,-1.925305,-1.8899379,-1.9412506,-2.013096
24STOR.ST,-3.7640195,-3.5703664,-3.587197,-3.6030006,-3.5540032,-3.682664,-3.7889078
AAC.ST,-0.7144927,-0.7103544,-0.7155316,-0.46431428,-0.41069332,-0.25358123,-0.21646917
AAK.ST,-0.834267,-0.5240258,-0.5980832,-0.5498663,-0.5612798,-0.6459621,-0.7488595
AEC.ST,-2.437544,-2.4096458,-2.3253345,-2.4330392,-2.2774684,-2.4710836,-2.5813532
ALIG.ST,2.6583576,2.9107893,2.8624072,2.9167395,2.9330287,2.860603,2.7699625
AMAST-PREF.ST,-1.591124,-1.3127074,-1.3616608,-1.3642426,-1.3475485,-1.4774776,-1.595296
ARION-SDB.ST,0.2859402,0.6129281,0.5193201,0.6204798,0.58712107,0.55145574,0.46681944
ASSA-B.ST,-0.2659799,0.0023012636,-0.043401998,-0.036281362,-0.016313521,-0.13584723,-0.24804845
ATRLJ-B.ST,-2.1640952,-1.9546862,-1.9706447,-1.9852567,-1.9357982,-2.0656078,-2.1734781
AVEN.ST,-0.66141516,-0.44130164,-0.4718796,-0.44316232,-0.4096863,-0.49967474,-0.59256124
AXIC-A.ST,-2.679849,-2.5673428,-2.5415435,-2.5621603,-2.4702444,-2.5908647,-2.681777
BALD-B.ST,-2.442824,-3.5597339,-3.2506049,-2.5621648,-2.1792374,-1.4371542,-1.0220891
BULTEN.ST,2.433028,2.6292484,2.5788493,2.7256644,2.7363691,2.7629278,2.7208986
CAG.ST,-3.7187552,-3.5819974,-3.570957,-3.5757022,-3.500424,-3.608035,-3.6963577
CE.ST,2335.202,1480.9283,1697.3344,2084.3057,2330.1814,2826.425,3124.4834
CEVI.ST,-1.970869,-1.7696527,-1.7904977,-1.7707775,-1.7281107,-1.8226968,-1.9144999
CONS-B.ST,-4.6584153,-4.3158846,-4.4162555,-4.327467,-4.370616,-4.4164596,-4.506086
CORE-A.ST,-12.295681,-12.234835,-12.176738,-12.259701,-12.139152,-12.304319,-12.404119
DDM.ST,-0.30233496,-0.077376254,-0.13882685,-0.0011059291,-0.0034412916,0.012480643,-0.03693301
DIST.ST,-0.3594546,-0.22913934,-0.24327676,-0.13686724,-0.089351796,-0.09018062,-0.13412027
ELAN-B.ST,1.2328988,0.41091347,0.7088725,1.0751171,1.4414151,1.8278576,2.0661821
ELTEL.ST,-0.93716705,-1.0800745,-1.0237256,-0.779651,-0.6621105,-0.49075785,-0.42860368
ELUX-A.ST,-1.7325941,-1.6621609,-1.608894,-1.6650611,-1.5428241,-1.6929401,-1.7909126
ENEA.ST,0.80449307,1.0780363,1.0207058,1.0667772,1.073826,0.9909193,0.8931312
FING-B.ST,9.787046,7.0201116,7.804688,9.115012,10.022401,11.592073,12.537844
FNM.ST,-0.08880439,-0.046555266,0.026859391,-0.05912704,0.08654287,-0.09053484,-0.19671571
FOI-B.ST,0.5309002,0.7684269,0.7312406,0.76109314,0.78847957,0.6960838,0.5995966
FPAR-D.ST,-9.557298,-9.279005,-9.346384,-9.315323,-9.324126,-9.414199,-9.51376
GOMX.ST,4.976295,3.3686373,3.8092172,4.7604,5.273835,6.336668,6.947395
GPG-PREF.ST,-1.4785062,-1.1751087,-1.2390856,-1.223983,-1.2233096,-1.3397338,-1.4552788
HELIO.ST,-2.270594,-2.7704725,-2.64143,-2.1346586,-1.9525104,-1.4711252,-1.2330452
HEXA-B.ST,-0.51017797,-0.14263727,-0.246868,-0.17402487,-0.21708305,-0.28647488,-0.39063913
HOFI.ST,-0.064454,-0.09376284,-0.020939467,0.0073501053,0.14756075,0.09338553,0.048114527
HTRO.ST,-1.3865789,-1.1195401,-1.1888871,-1.0877616,-1.0977739,-1.1227043,-1.1942489
ICO.ST,-0.4593235,-0.17514148,-0.23993032,-0.18013737,-0.18319477,-0.25201812,-0.3444104
INDEX.ST,1.076373,1.3491647,1.2756445,1.3941534,1.3798827,1.3698875,1.3036587
INDT.ST,-1.6527592,-1.3259428,-1.4094489,-1.3518463,-1.3742217,-1.4510847,-1.5525078
INFREA.ST,-9.950123,-9.88764,-9.827297,-9.91815,-9.792853,-9.968612,-10.073991
INTRUM.ST,0.26315898,0.5200093,0.45910776,0.5455868,0.5465341,0.5066922,0.42951322
INVE-A.ST,-1.0851909,-0.8258908,-0.86747736,-0.86232966,-0.838911,-0.95801514,-1.0684438
IRRAS.ST,2.1088452,1.848287,2.0069678,2.077775,2.3056855,2.3255951,2.3412955
JETPAK.ST,-6.9726944,-6.68782,-6.7454157,-6.731403,-6.729394,-6.837803,-6.945175
K2A-B.ST,0.15817894,0.40855506,0.37049955,0.38547575,0.41179034,0.30375892,0.19946225
KABE-B.ST,1.3840457,1.5810059,1.5284784,1.6797968,1.6874237,1.7192342,1.6796055
KIND-SDB.ST,1.0134155,0.5975239,0.8463778,0.80052394,1.1284465,1.0546569,1.0500805
KLOV-PREF.ST,-0.74510473,-0.46804008,-0.51653814,-0.51627445,-0.49873,-0.6263517,-0.7432203
LAGR-B.ST,-1.539176,-1.2958674,-1.3297049,-1.3267219,-1.2961714,-1.413998,-1.5213207
LEMSE.ST,3.5706975,2.1754847,2.5878422,3.3198323,3.8103535,4.6306453,5.1134734
LEO.ST,3.0694704,2.8741715,2.9176369,3.2897923,3.3936467,3.692886,3.8131475
LOOM-B.ST,-0.40795287,-0.099734746,-0.17502612,-0.11995282,-0.13224395,-0.21065363,-0.31099355
MAGI.ST,-0.19113487,-0.1285855,-0.19312558,0.1840234,0.17326179,0.4434747,0.5192199
MAHA-A.ST,-1.5865066,-1.5854288,-1.5214617,-1.5067801,-1.3769201,-1.446847,-1.5018628
MAXF.ST,0.34741238,0.43405998,0.5022689,0.36907092,0.51137733,0.2812671,0.14709441
MCOV-B.ST,-2.9998407,-2.692924,-2.759917,-2.7349896,-2.7403626,-2.8447907,-2.9545162
MMGR-B.ST,-1.7149812,-1.3590477,-1.4608454,-1.3813537,-1.4231606,-1.4830894,-1.5813992
MSON-B.ST,-2.7698536,-2.985389,-2.9335055,-2.577924,-2.468411,-2.1774824,-2.056602
MTG-B.ST,9.792348,8.4279175,8.877415,9.46899,10.00566,10.678121,11.095171
MYCR.ST,-1.2720412,-1.2065027,-1.149453,-1.209942,-1.0835295,-1.2373599,-1.3362145
NAXS.ST,-2.735385,-2.4567266,-2.511969,-2.4889266,-2.4815166,-2.5843482,-2.6899974
NCC-A.ST,-0.85744447,-0.7622582,-0.72766596,-0.7493403,-0.64721525,-0.76781285,-0.85685396
NDA-SE.ST,-0.44550484,-0.15058143,-0.23513247,-0.12003401,-0.14512944,-0.16170275,-0.23395514
NENT-B.ST,-3.1168158,-2.872531,-2.9073355,-2.9137738,-2.88336,-3.0107427,-3.1226287
NET-B.ST,-0.86581504,-1.238854,-1.0901939,-0.84706503,-0.63241744,-0.43025985,-0.32615063
NIBE-B.ST,-2.803459,-2.4897263,-2.5645776,-2.521016,-2.5348911,-2.6223872,-2.7260933
NMAN.ST,-4.9072556,-4.7275605,-4.726226,-4.7644267,-4.698511,-4.844275,-4.953894
NNH.ST,3.766568,3.9990845,3.9754243,3.9641628,4.010518,3.874483,3.7588906
NOBI.ST,0.9947117,1.1841232,1.1523356,1.2357818,1.2673521,1.2338889,1.167976
NOLA-B.ST,-0.87038344,-0.66847074,-0.7034259,-0.6307199,-0.60356367,-0.64753234,-0.7188115
NP3-PREF.ST,-1.3582883,-1.1074477,-1.1403779,-1.159539,-1.1256053,-1.2678813,-1.3872553
ORX.ST,-0.332101,-0.584603,-0.45547786,-0.31052282,-0.11441295,-0.02399292,0.018937431
PEGRO-PREF.ST,10.754174,10.656869,10.7878475,10.736667,10.946073,10.815702,10.745223
PIEZO.ST,0.56830114,0.62030137,0.6648997,0.67661935,0.78851724,0.7059183,0.63811207
POOL-B.ST,0.34967297,0.3693318,0.35908026,0.6027566,0.6532217,0.79875904,0.8281008
PREC.ST,99.91499,63.076366,72.66505,88.86444,99.7242,120.56941,133.21356
PROB.ST,2.9644396,2.7286139,2.88329,2.9223828,3.1500542,3.1324863,3.127904
RAIL.ST,-0.8955619,-0.73375726,-0.7356423,-0.7251337,-0.6615446,-0.7606322,-0.8496164
RROS.ST,-0.055867154,-0.0950019,-0.09165214,0.18819621,0.25176504,0.44124648,0.4963548
SAGA-A.ST,-12.146914,-11.556223,-11.829654,-11.489276,-11.726396,-11.554489,-11.583256
SAGA-D.ST,-1.0563744,-0.81806993,-0.8440861,-0.86903495,-0.8275204,-0.9739145,-1.0934516
SAND.ST,1.5425482,1.7804475,1.750057,1.751503,1.7886397,1.666481,1.5567111
SDIP-B.ST,-4.3161097,-4.1453323,-4.1353064,-4.189914,-4.114193,-4.275058,-4.3898606
SEMC.ST,-0.8752575,-0.91094977,-0.9104746,-0.6291081,-0.56942135,-0.37827381,-0.3225878
SEYE.ST,-0.7660425,-0.6570054,-0.62408113,-0.6612005,-0.56001204,-0.697976,-0.7961987
SJR-B.ST,-2.4271743,-2.249234,-2.3260849,-2.0735087,-2.095202,-1.9596946,-1.9537444
SKIS-B.ST,-0.9395,-0.6557315,-0.7268849,-0.6478679,-0.6577782,-0.7080753,-0.7929755
SPEQT.ST,-0.02584771,-0.057830956,-0.021573003,0.14213935,0.24044138,0.31835946,0.32800394
SRNKE-B.ST,-2.5714357,-2.5396883,-2.4852583,-2.490752,-2.3694887,-2.4639173,-2.5335395
SSM.ST,2.2720163,1.7653085,1.9810344,2.1782987,2.465502,2.640771,2.7502143
STIL.ST,2.5849998,2.8837595,2.8184495,2.8705633,2.8682833,2.7881682,2.6888757
SUS.ST,0.16857661,0.27237496,0.31964195,0.24222282,0.35980836,0.18287154,0.06915266
SVED-B.ST,35.990463,34.13668,34.808685,35.386517,36.167946,36.87005,37.358253
SWEC-B.ST,-2.0680563,-1.683719,-1.8062537,-1.6928588,-1.7577217,-1.7880676,-1.8775812
SWED-A.ST,-0.1289513,0.061160542,0.022832049,0.119471006,0.14452711,0.123423375,0.062051658
SYSR.ST,-2.1987226,-1.9692955,-1.9995737,-1.990108,-1.9566153,-2.0654554,-2.1670222
TAGM-B.ST,2.1166425,1.6450887,1.8248731,2.1088438,2.354497,2.6102345,2.749327
TIGO-SDB.ST,0.35113087,0.6869296,0.5730638,0.73411053,0.6780885,0.699309,0.63698274
TRIAN-B.ST,-4.1273947,-3.8330452,-3.8945384,-3.8758361,-3.8756309,-3.9837837,-4.0933485
VITR.ST,-1.7174721,-1.4908634,-1.5260934,-1.4907818,-1.4634116,-1.5466006,-1.637012
VOLO-PREF.ST,-0.04784923,0.20970447,0.17497776,0.15506762,0.18813461,0.042926013,-0.078963995
VOLV-B.ST,-1.1037512,-0.8813363,-0.9017184,-0.9185451,-0.87255615,-1.0076662,-1.1198585
ACCON.ST,-0.02712084,0.17712529,0.11480797,0.28594688,0.2820801,0.33310068,0.3007219
AGES-B.ST,0.20951359,0.012650953,0.031665158,0.48788077,0.56156325,0.94579136,1.1023172
AKEL-D.ST,-7.347151,-7.0352173,-7.1226683,-7.0577188,-7.088277,-7.150762,-7.24318
ALFA.ST,1.4471791,1.6844095,1.6567577,1.6464517,1.6872897,1.5533407,1.438517
ALIV-SDB.ST,0.763137,0.76547277,0.7982183,0.92676824,1.0230101,1.0611985,1.0497345
AMBEA.ST,0.89148676,1.0526431,1.0554475,1.0551232,1.1249176,1.0139775,0.9197849
AOI.ST,10.021265,8.990401,9.218151,10.114608,10.410293,11.332421,11.809971
AQ.ST,0.8100837,0.9736932,0.97716975,0.9688312,1.0398918,0.9205337,0.8223408
ASPIRE.ST,2.71016,2.446424,2.5921886,2.7190666,2.9317393,3.006858,3.0459633
ATCO-B.ST,-0.78776485,-0.47828585,-0.55114734,-0.50712466,-0.5169021,-0.60580915,-0.71050453
ATORX.ST,2.5615454,2.2141726,2.2763867,2.8024433,2.9209104,3.3920817,3.6032598
ATT.ST,-0.21090394,-0.14520961,-0.13281372,-0.028284969,0.047186047,0.05340344,0.02059193
AWRD.ST,-6.1889715,-6.195053,-6.1009774,-6.198544,-6.036571,-6.2112727,-6.3077407
AZN.ST,0.368893,0.58618975,0.57068855,0.5440292,0.5970476,0.45114735,0.33439922
BELE.ST,-0.21833263,0.18399788,0.03206657,0.23829211,0.13982423,0.19744162,0.14235437
BHG.ST,-4.298977,-4.132365,-4.122111,-4.1709003,-4.095188,-4.249741,-4.361355
BIOA-B.ST,1.2598153,1.3732872,1.3656975,1.4769965,1.5323782,1.537272,1.4973685
BIOT.ST,-2.727983,-2.4330122,-2.5005965,-2.4535723,-2.4603782,-2.5414963,-2.6399097
BOOZT.ST,-1.119583,-0.96109813,-0.9737468,-0.9200098,-0.8690781,-0.92541224,-0.99619913
BRIG.ST,1.6883733,1.4765712,1.6240748,1.6604397,1.8780338,1.857398,1.8498106
BUSER.ST,-11.776613,-12.084901,-11.814064,-12.1286745,-11.778687,-12.118261,-12.243108
CAT-A.ST,-2.9201508,-2.824543,-2.7793276,-2.8411,-2.728959,-2.8860269,-2.9892242
CATE.ST,-2.353836,-2.1870253,-2.185268,-2.1977296,-2.130852,-2.2515385,-2.3495703
CLA-B.ST,11.365849,8.840996,9.543471,10.797709,11.614542,13.096428,13.977736
CLNK-B.ST,-2.6893225,-2.475465,-2.4910724,-2.5113807,-2.4624188,-2.5972936,-2.7072837
COLL.ST,13.525012,12.77774,13.001243,13.56827,13.8583975,14.418943,14.717075
DORO.ST,-0.24959101,-0.051945634,-0.104883626,0.04670617,0.05202118,0.08620932,0.04833249
DRIL.ST,-2.6309083,-2.4175427,-2.4440348,-2.4263837,-2.3893323,-2.4876447,-2.5827405
DURC-B.ST,3.4674315,2.666633,2.903646,3.4525747,3.7528443,4.3127413,4.618515
DUST.ST,-0.7573734,-0.51442397,-0.56438965,-0.49944642,-0.4872467,-0.5451453,-0.62770456
ENG.ST,-0.96646965,-0.594186,-0.70612043,-0.610267,-0.6629846,-0.7095937,-0.8044741
ENQ.ST,-10.775993,-20.135342,-17.394953,-14.131605,-11.079017,-6.6494503,-3.7664
ENZY.ST,-11.107695,-11.501531,-11.4114685,-10.982375,-10.83733,-10.441498,-10.25454
EOLU-B.ST,0.8929485,1.0816268,1.0790087,1.049193,1.116125,0.9707715,0.8577321
ETX.ST,1.146316,1.1013509,1.0965872,1.417596,1.4716091,1.7012087,1.7736751
FERRO.ST,-4.499926,-4.4320164,-4.372189,-4.449564,-4.3228364,-4.489666,-4.5928535
FIL.ST,1.8977737,2.11794,2.068353,2.1767874,2.1888285,2.1751966,2.1137578
FOOT-B.ST,-4.042093,-3.7639372,-3.8525798,-3.7179706,-3.7479324,-3.742389,-3.803631
FPAR-A.ST,-1.5515544,-1.3193239,-1.3455234,-1.3529047,-1.3143352,-1.4404489,-1.549646
GAPW-B.ST,-1.2420404,-1.2826501,-1.1903825,-1.2187381,-1.0574476,-1.16414,-1.2293384
GETI-B.ST,-4.461653,-4.1390443,-4.227291,-4.1551137,-4.1842966,-4.244339,-4.3376956
GHP.ST,-0.90468633,-0.5213579,-0.6399641,-0.5383439,-0.5976294,-0.6407103,-0.7358543
GUNN.ST,-6.2435055,-7.0447316,-6.7970257,-6.2962894,-5.9906073,-5.4706836,-5.1779623
HM-B.ST,2.351695,2.0893567,2.2635171,2.2687848,2.517633,2.471244,2.45818
HNSA.ST,-2.9896739,-3.3145869,-3.1950774,-2.922151,-2.740111,-2.5139832,-2.4056115
HPOL-B.ST,-1.6920387,-1.7712849,-1.6777633,-1.6650714,-1.5015346,-1.5643402,-1.6075912
HUM.ST,0.12435751,0.31094876,0.27853525,0.37100816,0.40004635,0.37746343,0.3172247
HUSQ-B.ST,2.6421363,2.3167999,2.4168556,2.7711408,2.9352198,3.235235,3.372169
IMMNOV.ST,-0.16871762,-0.007392071,-0.01891318,0.03476858,0.08631829,0.0299139,-0.04086435
INDU-A.ST,-2.082552,-1.8484536,-1.8759302,-1.8857276,-1.8481526,-1.9770448,-2.08782
IVACC.ST,-7.121939,-7.0022106,-6.9731975,-7.025885,-6.9328213,-7.0816355,-7.183816
JM.ST,-0.7278181,-0.50397635,-0.5288799,-0.5283511,-0.48777112,-0.6060631,-0.71136713
KAPIAB.ST,-1.637825,-1.3616687,-1.411705,-1.4052356,-1.390351,-1.5107167,-1.6240598
KINV-B.ST,0.20631395,0.4744528,0.40249106,0.510236,0.49940315,0.47829276,0.40717807
LIFCO-B.ST,-0.84392107,-0.5802643,-0.6289286,-0.6023423,-0.58707446,-0.6858152,-0.7882847
LIME.ST,-8.166537,-7.9408956,-7.9649467,-7.9874644,-7.9504294,-8.084778,-8.194811
LUND-B.ST,-3.3367302,-3.0433624,-3.10566,-3.0804787,-3.0808291,-3.1831896,-3.2904174
MINEST.ST,0.8001878,0.81513083,0.8942613,0.83794165,0.9875721,0.8441637,0.75613165
MIPS.ST,-5.3607903,-5.220037,-5.193961,-5.2630024,-5.171267,-5.3406196,-5.4545455
MNTC.ST,-0.864541,-0.8185314,-0.7597339,-0.79998505,-0.6714703,-0.8038272,-0.8917442
MSAB-B.ST,1.4451143,1.1868833,1.3017125,1.5121142,1.6927669,1.8460884,1.9152149
MSON-A.ST,-1.701417,-1.9413506,-1.8900399,-1.4930552,-1.3850424,-1.050966,-0.9092235
MTG-A.ST,-0.13699958,-0.17852622,-0.0874253,-0.10442731,0.055510875,-0.04034465,-0.10094339
MTRS.ST,-1.1715832,-1.032492,-1.0450132,-0.95728743,-0.9084173,-0.9275888,-0.97982323
NETI-B.ST,71.74725,49.508236,55.226677,65.31292,71.842415,84.67902,92.3892
NLAB.ST,0.86461306,0.7519257,0.8243031,0.97765076,1.1144522,1.192926,1.2129847
NOKIA-SEK.ST,1.5874646,1.920727,1.7858446,2.037586,1.9560889,2.066515,2.0420227
NWG.ST,-2.9389627,-2.595041,-2.6876702,-2.6256208,-2.6583989,-2.7323232,-2.8344
NYF.ST,-2.9972122,-2.836821,-2.8235874,-2.8710494,-2.7913618,-2.9449072,-3.0557117
ONCO.ST,-1.2099557,-1.1372441,-1.1047493,-1.0824293,-0.98482716,-1.058192,-1.1242634
ORES.ST,1.0517973,1.3556592,1.286216,1.3329793,1.3274176,1.2408487,1.1376462
PAX.ST,3.88117,3.951585,3.999602,3.9810023,4.0994034,3.9819622,3.8965185
PENG-B.ST,20.883083,21.261454,20.945541,21.807335,21.53761,22.214186,22.409866
PLED.ST,45.767105,45.019135,45.233555,45.907906,46.207645,46.8439,47.16422
PRCO-B.ST,-5.255504,-5.1814227,-5.1242394,-5.2113595,-5.0858917,-5.264191,-5.3736405
RAY-B.ST,0.6794749,0.41318658,0.5658494,0.6555626,0.8772888,0.9161206,0.93989265
SBB-B.ST,-1.4018906,-1.077448,-1.1564752,-1.1123778,-1.1292039,-1.2193846,-1.3262326
SCA-B.ST,-1.1808858,-0.9191928,-0.96161187,-0.9592033,-0.9362277,-1.058661,-1.1709892
SECT-B.ST,-1.6521665,-1.3760251,-1.428632,-1.4081868,-1.3973652,-1.5031711,-1.6099613
SENS.ST,13.055006,10.036594,10.849179,12.374563,13.31798,15.131677,16.20268
SEZI.ST,-4.136046,-3.9488509,-3.9511495,-3.9885588,-3.9252815,-4.0726876,-4.1845303
SF.ST,-4.5355372,-4.364575,-4.3536625,-4.410534,-4.334325,-4.4968815,-4.6121798
SINT.ST,-3.8563397,-3.661133,-3.6714983,-3.6852238,-3.6319726,-3.7565434,-3.859431
SKF-B.ST,0.64174384,0.84830457,0.82169396,0.85640687,0.8953067,0.8114106,0.72211874
SLITE.ST,-2.286403,-2.4908483,-2.2772877,-2.503005,-2.2110252,-2.4850109,-2.5975862
SMF.ST,-2.4114637,-3.050451,-2.6659362,-2.8776,-2.4073973,-2.6066768,-2.6325693
SNM.ST,4.013953,1.9799784,2.559975,3.5876675,4.260097,5.4578166,6.1704826
SOF-B.ST,-0.4986805,-1.4017622,-1.0873953,-0.6737587,-0.28951985,0.15431121,0.42566246
SPEC.ST,-7.721193,-7.7653017,-7.6865573,-7.674591,-7.5331326,-7.594004,-7.637871
STAR-B.ST,25.714413,23.270828,23.902618,25.32355,26.068947,27.69023,28.615318
STRAX.ST,71.86787,36.409866,45.73145,60.91227,71.47663,91.15536,103.16661
SVIK.ST,23.839191,18.516645,19.848852,22.59116,24.131283,27.452288,29.392136
TEL2-B.ST,1.8578336,1.9275931,1.9656874,1.9645394,2.0738125,1.9722835,1.8924003
TELIA.ST,0.19202438,0.052874405,0.17822893,0.16087425,0.36110866,0.27440313,0.22770508
THULE.ST,-0.9753615,-0.6591121,-0.73413926,-0.6914342,-0.70380425,-0.7945381,-0.90063953
TIETOS.ST,-0.28859082,-0.32710475,-0.31076908,-0.07419513,0.0024985995,0.15107296,0.19002034
TOBII.ST,1.4978609,1.5922103,1.5989697,1.6869761,1.7579983,1.7427408,1.6969804
TORSAB.ST,-3.4842134,-3.2240763,-3.2650828,-3.2682617,-3.245755,-3.3708131,-3.4830666
VERI.ST,0.4442508,0.37539554,0.43682006,0.56792367,0.69307464,0.7446777,0.7484173
XBRANE.ST,-12.564853,-12.596361,-12.523756,-12.530476,-12.396187,-12.474834,-12.527438
ACE.ST,-1.1768129,-1.0266083,-1.0123894,-1.0416207,-0.9607395,-1.0961641,-1.1983497
ADDT-B.ST,-2.3280644,-2.2016077,-2.1656642,-2.2484872,-2.1427307,-2.3274057,-2.4473786
AGRO.ST,78.32989,46.591217,54.868473,68.78732,78.166466,96.08014,106.957115
ALLG-B.ST,-11.97321,-12.462955,-12.312496,-11.926409,-11.7236395,-11.3536215,-11.161006
ANOD-B.ST,73.77197,45.680626,53.034737,65.28414,73.63434,89.40808,98.98955
ARP.ST,-2.283022,-2.054377,-2.0798671,-2.0862975,-2.0475185,-2.1715567,-2.279224
ASAP.ST,-4.091079,-4.043298,-3.9674103,-4.075717,-3.9304504,-4.1255875,-4.238359
ATIC.ST,0.16468093,0.2688606,0.2253408,0.4762633,0.48963258,0.6325807,0.6511876
ATVEXA-B.ST,-0.83056587,-0.51936257,-0.58749217,-0.56216717,-0.56673884,-0.6738375,-0.78611475
AUR.ST,230.58447,119.1981,148.09908,196.41438,229.184,291.7899,329.83185
AXFO.ST,-0.5633477,-0.36818132,-0.37092265,-0.41591343,-0.34920955,-0.50949347,-0.6293782
AZELIO.ST,-3.8428938,-3.5615087,-3.6324687,-3.550014,-3.5633621,-3.605878,-3.685577
BEGR.ST,10.951277,6.052826,7.358312,9.663762,11.174191,14.014621,15.711784
BEIA-B.ST,10.664528,10.318836,10.587699,10.3875065,10.747713,10.504718,10.418158
BEIJ-B.ST,0.15982178,0.31369478,0.33583537,0.26890063,0.36145237,0.18622239,0.065945
BESQ.ST,-2.0851855,-1.8788209,-1.9314498,-1.8038615,-1.7976401,-1.7876447,-1.8367586
BETCO.ST,-1.4764858,-1.2603148,-1.2720641,-1.3142663,-1.2583214,-1.4173874,-1.5388725
BIOG-B.ST,-1.832076,-1.6625782,-1.6501054,-1.7071272,-1.6268237,-1.7923332,-1.9097599
BMAX.ST,0.48082575,0.41070092,0.4292921,0.70043236,0.78019965,0.96512485,1.0223442
BOL.ST,0.90034074,1.108454,1.0729254,1.1419016,1.1699063,1.1196578,1.0444295
BONES.ST,-7.2730474,-7.4567547,-7.257252,-7.4926987,-7.215059,-7.500356,-7.6207933
BRAV.ST,-2.3280551,-2.11354,-2.1297183,-2.1534648,-2.1036148,-2.2433417,-2.3561342
BURE.ST,-1.3392601,-1.100857,-1.1697874,-1.0268184,-1.0377083,-1.0175529,-1.0667018
CAMX.ST,-1.984313,-1.7881213,-1.8116121,-1.773815,-1.7346432,-1.8106403,-1.893992
CANTA.ST,-4.208725,-4.0654097,-4.0428085,-4.098834,-4.010625,-4.1683636,-4.277976
CBTT-B.ST,-3.997273,-3.7894456,-3.806234,-3.820055,-3.7726853,-3.8999233,-4.0060344
CI-B.ST,-13.281716,-13.6007395,-13.32946,-13.63215,-13.283245,-13.608137,-13.725018
CLAS-B.ST,-0.9606408,-0.8941001,-0.87472683,-0.79926145,-0.71578807,-0.737511,-0.78197664
CLAV.ST,-2.8222065,-3.2064042,-3.1194396,-2.6391156,-2.4980288,-2.060557,-1.8566288
CRED-A.ST,-3.0407817,-2.7760246,-2.8209007,-2.8128572,-2.7950048,-2.9095778,-3.0178726
DELARK.ST,-2.5408735,-2.237141,-2.2996213,-2.2877145,-2.2871933,-2.40477,-2.5199275
DOM.ST,1.0801271,1.4452491,1.3369796,1.431732,1.3849049,1.3357927,1.2398235
EKTA-B.ST,0.1271388,0.33322552,0.3123566,0.324255,0.3697177,0.2638278,0.16549337
ELUX-B.ST,1.7761052,1.9797882,1.9390831,2.035566,2.0579236,2.0343275,1.9704883
EMBRAC-B.ST,-2.662186,-2.428306,-2.4543638,-2.4688938,-2.4304142,-2.5630648,-2.675048
ESSITY-A.ST,-2.9348228,-2.6556587,-2.7088416,-2.6985862,-2.6879663,-2.8039541,-2.9155278
ESSITY-B.ST,-1.4443473,-1.1510823,-1.2100838,-1.1975253,-1.1916658,-1.3090583,-1.4236388
EWRK.ST,-1.7436852,-1.6516556,-1.6156857,-1.639483,-1.5365136,-1.6578652,-1.7465526
FABG.ST,-1.4042419,-1.1507139,-1.1882356,-1.189091,-1.1616575,-1.2852952,-1.396652
FAG.ST,1.8095641,1.8359683,1.8539165,2.002774,2.0838263,2.1374006,2.1288471
FASTAT.ST,-3.7386217,-3.529069,-3.543608,-3.5647087,-3.5151453,-3.6493924,-3.7583556
FEEL.ST,3.3347998,1.7505666,2.2019727,3.0489786,3.5846603,4.543126,5.1032405
FOOT-PREF.ST,-2.1062503,-1.8029287,-1.8694034,-1.8445877,-1.8476174,-1.9536073,-2.0644114
FPAR-PREF.ST,-1.7375174,-1.4187392,-1.4996548,-1.4427903,-1.4618802,-1.5388758,-1.639615
GENI.ST,-4.1619716,-3.8585045,-3.9438457,-3.8433764,-3.872233,-3.9001458,-3.9766898
GHUS-B.ST,0.20385806,0.25859302,0.26970014,0.39393166,0.46827346,0.49443647,0.4709014
GRNG.ST,-0.10981329,0.1579482,0.08425725,0.20226906,0.18823639,0.17832072,0.11244827
HANDI.ST,-4.0887327,-3.8061357,-3.902713,-3.7326,-3.7746804,-3.732293,-3.777311
HEBA-B.ST,-4.9760976,-4.708201,-4.754995,-4.7539554,-4.7382383,-4.8593426,-4.9707456
HMS.ST,0.5376821,0.5985244,0.66162467,0.5939905,0.72737414,0.5663697,0.46504295
HOLM-B.ST,-0.6940019,-0.47146618,-0.49864477,-0.4905103,-0.45193276,-0.5632312,-0.6657836
HRNTS.ST,-7.7560887,-7.5746956,-7.584436,-7.6168222,-7.5624657,-7.7022142,-7.8103876
IMPC.ST,5.372586,4.117016,4.5185385,5.104202,5.577622,6.2379503,6.6411633
ISOFOL.ST,-0.14491373,-0.026828691,-0.02446301,0.040449493,0.106555894,0.066781506,0.008214334
KAMBI.ST,1.204898,1.0971171,1.2411219,1.1323073,1.3510362,1.1738317,1.0877037
KARO.ST,10.7231,2.8132906,4.924616,8.432031,10.840597,15.283042,17.978836
KDEV.ST,11.141734,9.398873,9.883906,10.84598,11.423095,12.508644,13.137101
KFAST-B.ST,-0.1501141,0.13409755,0.07315608,0.09510401,0.09913359,-0.008471924,-0.11851155
KINV-A.ST,1.6345438,1.222852,1.4301369,1.5279585,1.8089412,1.8736275,1.925508
KLED.ST,-2.600655,-2.3292327,-2.3902364,-2.3351357,-2.3345647,-2.4051902,-2.496634
KLOV-B.ST,-3.336391,-3.1898022,-3.1675868,-3.2263145,-3.1375382,-3.2994246,-3.411587
LIAB.ST,0.40490898,0.38755956,0.47430676,0.43127537,0.5893541,0.46271512,0.38525644
LIDDS.ST,-1.158778,-0.93114257,-0.9652027,-0.9353728,-0.9060435,-0.9954201,-1.0888331
LIPI.ST,-4.1368856,-3.8441029,-3.942168,-3.7773366,-3.8216186,-3.784778,-3.83298
LUPE.ST,-1.6208532,-1.5142641,-1.4691955,-1.5559027,-1.4397069,-1.6262742,-1.7448535
MANG.ST,-2.2113085,-2.1346648,-2.0755768,-2.1572988,-2.0298004,-2.2041004,-2.3120563
MEAB-B.ST,0.30790225,0.1607756,0.17631753,0.5716233,0.64390045,0.9613827,1.0836794
NEWA-B.ST,1.3888508,1.4894766,1.500656,1.5564966,1.6346056,1.5858382,1.5245603
NHCBHFFS.ST,-83.089455,-83.255325,-83.19071,-83.14818,-83.06942,-83.01945,-82.98289
NOBINA.ST,-3.3844178,-3.1334152,-3.1703994,-3.17415,-3.1474378,-3.2717988,-3.382562
NOTE.ST,-0.9323482,-0.9245668,-0.8334553,-0.9274464,-0.76523685,-0.94291,-1.0438069
NP3.ST,-1.9199293,-1.6512402,-1.6978849,-1.6876228,-1.6706991,-1.7848903,-1.8939706
OEM-B.ST,-1.5173137,-1.2319611,-1.2895532,-1.2629021,-1.2576327,-1.3585117,-1.464336
PACT.ST,0.8316154,0.9469921,0.9480114,1.0269485,1.0913607,1.0653341,1.0128522
PDX.ST,0.30569884,0.3867046,0.42763188,0.410539,0.5190963,0.40478286,0.32026485
PEAB-B.ST,-2.4558334,-2.1949725,-2.2459173,-2.2105632,-2.1990485,-2.2873857,-2.3846936
PRIC-B.ST,-3.251246,-2.9280896,-3.0193763,-2.9260342,-2.959935,-2.9987926,-3.0828362
QLINEA.ST,-2.3628778,-2.0870059,-2.1346807,-2.1354768,-2.1189437,-2.2451663,-2.3604085
RATO-A.ST,0.35331544,-0.54422873,-0.2303503,0.1747265,0.5582761,0.9936079,1.2606995
RATO-B.ST,8.174127,6.856905,7.2929974,7.8707085,8.389489,9.043388,9.448845
REJL-B.ST,-1.5648284,-1.2756991,-1.3366959,-1.3024111,-1.3011408,-1.3949275,-1.4981959
RESURS.ST,-0.75039357,-0.57745755,-0.5760375,-0.5989756,-0.5297112,-0.6642127,-0.7699484
SALT-B.ST,-4.2080045,-5.6221695,-5.170162,-4.523123,-4.006498,-3.2578003,-2.792948
SANION.ST,-1.943725,-1.9332317,-1.8925605,-1.8086412,-1.70517,-1.7087032,-1.73744
SBB-D.ST,-1.4269897,-1.1058011,-1.1817985,-1.1471947,-1.1599401,-1.259567,-1.3702451
SEB-A.ST,0.5375986,0.8042202,0.74000764,0.8184935,0.8177083,0.76719326,0.6835076
SEB-C.ST,-0.6266272,-0.4447008,-0.44576186,-0.4705755,-0.40419102,-0.54148465,-0.6493491
SINCH.ST,0.13778707,0.5004691,0.40217307,0.4657134,0.4287517,0.35124832,0.24455732
SIVE.ST,-1.659593,-1.4806768,-1.4838556,-1.4941354,-1.4320769,-1.5528568,-1.652658
SKA-B.ST,-0.5221805,-0.53579694,-0.480606,-0.42949417,-0.30460238,-0.34167692,-0.38395068
SOBI.ST,0.81679344,0.9288331,0.93776464,0.9912436,1.0649725,1.0143313,0.9518988
SSAB-B.ST,6.4632144,4.498567,5.112568,5.926027,6.64894,7.623332,8.230872
TETY.ST,0.26730153,0.4628838,0.42702052,0.516622,0.5427691,0.5154565,0.45178548
TFBANK.ST,-0.9413384,-0.66560197,-0.7162815,-0.7029351,-0.68892413,-0.80268013,-0.9131673
TRAIN-B.ST,-57.05117,-57.383854,-57.17506,-57.359272,-57.10632,-57.27702,-57.31773
TREL-B.ST,-0.36881804,-0.11897525,-0.17345963,-0.102672,-0.09473075,-0.14854898,-0.2305911
UPSALE.ST,-1.7602602,-1.6372522,-1.6079584,-1.6561588,-1.5588284,-1.7089685,-1.8138885
VICO.ST,2.2441816,2.2760084,2.2876203,2.4545383,2.5282447,2.5986183,2.5964656
WALL-B.ST,-2.3070748,-2.0513268,-2.089636,-2.0923889,-2.0664709,-2.1913545,-2.3031998
ZETA.ST,-0.7879519,-0.466774,-0.55452335,-0.47108915,-0.49809372,-0.54975194,-0.64020014
3KR.ST,-0.9150253,-0.6411519,-0.68871313,-0.6874858,-0.6690886,-0.7951545,-0.91092116
ABSO.ST,-6.69018,-6.4422197,-6.4938273,-6.444984,-6.437904,-6.5070453,-6.593329
ACRI.ST,-2.3815491,-2.076391,-2.1442597,-2.1140726,-2.1196854,-2.219701,-2.3277843
ALIF-B.ST,-0.902726,-0.63625115,-0.6758258,-0.6847794,-0.65941614,-0.79275,-0.90970635
ALM.ST,6.089945,3.0668483,3.864376,5.4037423,6.3345475,8.169513,9.247048
AM1S.ST,-1.101814,-0.98061615,-0.9500014,-0.99903643,-0.8997935,-1.0511241,-1.1565205
ARISE.ST,-6.5281315,-6.5596066,-6.4412317,-6.5918026,-6.4029374,-6.6256247,-6.738737
ATA-SDB.ST,1.7125154,1.7101293,1.7926137,1.7521037,1.905283,1.779002,1.7000858
ATRE.ST,-0.69845146,-0.5163787,-0.55274457,-0.45491534,-0.42771235,-0.44640848,-0.50585085
BALCO.ST,-3.3325129,-3.0949757,-3.1209457,-3.144747,-3.105937,-3.2479663,-3.3643215
BILI-A.ST,4.071729,4.2729516,4.264547,4.252956,4.3137712,4.183273,4.0748343
BILL.ST,-0.5266134,-0.31260738,-0.34246063,-0.30914748,-0.27451468,-0.35966706,-0.45006424
BINV.ST,6.686998,0.72157824,2.42768,4.7765822,6.708085,9.748961,11.662212
BIOVIC-B.ST,0.75432,0.8317159,0.89761597,0.7919739,0.9303671,0.7289956,0.6083012
BONAV-A.ST,-1.4564158,-1.2950828,-1.3292646,-1.2010508,-1.1751605,-1.1587994,-1.1996728
BONEX.ST,-0.03242866,0.12842172,0.14524606,0.08654033,0.17325312,0.005146161,-0.11306918
BORG.ST,-2.6496778,-3.8666852,-3.4664729,-2.9160266,-2.4460335,-1.8221397,-1.4363368
BOUL.ST,1.382053,1.663882,1.5861348,1.7043409,1.6866335,1.6742009,1.6052929
BRE2.ST,-2.42919,-2.1601365,-2.2085407,-2.1950579,-2.1801176,-2.2910361,-2.3988438
BRG-B.ST,12.086156,9.708605,10.374695,11.577503,12.357651,13.765924,14.598835
BUFAB.ST,-1.4897664,-1.3812935,-1.3375508,-1.4179711,-1.3040676,-1.4841202,-1.599844
BYGGP.ST,-1.9232528,-1.6800736,-1.7122858,-1.7150213,-1.6830847,-1.8059387,-1.9151223
CALTX.ST,-3.7416773,-3.7272887,-3.628491,-3.7677486,-3.597924,-3.8183477,-3.9370959
CAST.ST,-1.9908206,-1.720171,-1.767385,-1.7594662,-1.7428063,-1.8597702,-1.9703804
CFISH.ST,-3.2419531,-3.4009821,-3.2430284,-3.3517036,-3.1188815,-3.287293,-3.3633611
CLIME-B.ST,-0.7597389,-0.611342,-0.6256331,-0.5434891,-0.49622935,-0.52241707,-0.57877606
COOR.ST,-1.0352378,-0.86705226,-0.8527594,-0.9166764,-0.8328826,-1.0064619,-1.1277472
CORE-PREF.ST,-3.20016,-2.9409413,-2.9815955,-2.9879608,-2.9640026,-3.0930688,-3.2074094
CRAD-B.ST,-4.5413165,-4.490043,-4.4124675,-4.5342703,-4.386905,-4.595527,-4.714329
CTM.ST,13.021411,12.361649,12.528332,13.159787,13.390562,13.99991,14.305942
DEDI.ST,-0.4885851,-0.58606404,-0.5791075,-0.22768831,-0.16338159,0.10473466,0.20032927
DIOS.ST,-1.9937472,-1.7596765,-1.7842983,-1.8062396,-1.7648546,-1.9060606,-2.0221741
DMYD-B.ST,-5.632275,-5.480282,-5.4884806,-5.449839,-5.397491,-5.462988,-5.5351553
DUNI.ST,-0.02762926,0.207617,0.18190134,0.16904002,0.20989321,0.07605728,-0.037474245
EAST.ST,-2.6786945,-2.35747,-2.431815,-2.4030447,-2.4154654,-2.519023,-2.6305988
ERIC-B.ST,10.311952,7.991208,8.663474,9.763954,10.549277,11.850919,12.634733
EVO.ST,-5.330116,-5.2611876,-5.1918154,-5.3125277,-5.174093,-5.383634,-5.504958
FMM-B.ST,-0.8871828,-0.513758,-0.6242207,-0.5387034,-0.5888122,-0.6464209,-0.74645454
FPIP.ST,-1.6933453,-1.4594084,-1.4935025,-1.477172,-1.4472115,-1.5507836,-1.6510822
FRISQ.ST,-2.0058587,-2.331732,-2.1807287,-2.0094504,-1.7926911,-1.664546,-1.5959276
GARO.ST,-1.7923683,-1.6868061,-1.6411282,-1.7230574,-1.6076826,-1.7881376,-1.903349
HLDX.ST,4.418848,4.2621956,4.3281136,4.570066,4.7013383,4.8678074,4.928186
HOLM-A.ST,-12.062487,-12.044319,-11.959209,-12.079687,-11.929156,-12.125588,-12.233193
HOVD.ST,-0.80851567,-0.6821912,-0.64683497,-0.7213389,-0.61592305,-0.7933347,-0.91043335
HUSQ-A.ST,1.3207278,0.98430735,1.0793445,1.4655197,1.6221673,1.9561744,2.109161
IBT-B.ST,1.8445504,1.8577784,1.9030721,1.9771532,2.0877876,2.0712612,2.036011
ICA.ST,-1.2509727,-0.9898597,-1.042228,-0.9996468,-0.98893756,-1.0714033,-1.1667247
INDU-C.ST,-2.3649487,-2.059478,-2.1303496,-2.0908515,-2.0995886,-2.1908422,-2.2954838
INSTAL.ST,-4.0748,-3.8112752,-3.8566217,-3.847358,-3.8307817,-3.9430573,-4.0499654
INVE-B.ST,-0.9803722,-0.72296435,-0.7637017,-0.7590129,-0.7345277,-0.8540023,-0.9644096
INWI.ST,-0.30716607,-0.025951605,-0.101520285,0.00075832667,-0.0143644065,-0.04174006,-0.11682294
KLOV-A.ST,0.7124974,0.37864578,0.52269703,0.7351085,0.944748,1.1124413,1.1978228
LAMM-B.ST,-2.3226898,-2.5312183,-2.384437,-2.3710165,-2.1535997,-2.1956701,-2.2128308
LATO-B.ST,-3.5877924,-3.3362758,-3.376132,-3.369709,-3.3465998,-3.460719,-3.5671444
LUC.ST,5.117759,4.661825,4.747366,5.3554373,5.4970584,6.06182,6.3252344
LUG.ST,-4.8515306,-4.695485,-4.6794286,-4.735936,-4.6541314,-4.8143525,-4.9269056
MAG.ST,-1.1800374,-1.2563659,-1.2140296,-1.0201429,-0.91546136,-0.8025936,-0.7734237
MEKO.ST,2.0454905,2.0758257,2.0636673,2.3082173,2.3569717,2.5014014,2.5289261
MIDW-A.ST,-5.2563415,-6.112892,-5.923876,-5.178737,-4.9242053,-4.161548,-3.7706
MIDW-B.ST,5.1294794,3.7797918,4.1351657,4.986951,5.4312835,6.3588924,6.8716784
MOB.ST,20.61368,19.784618,20.154263,20.338764,20.795473,20.99037,21.146755
MVIR-B.ST,-7.7268004,-16.020788,-13.618213,-10.530416,-7.8514395,-3.7486055,-1.1196269
NCAB.ST,-1.6246265,-1.4614303,-1.4518815,-1.4837185,-1.4080491,-1.5473158,-1.652575
NCC-B.ST,-0.83906335,-0.73806584,-0.7080977,-0.7232348,-0.625734,-0.7411452,-0.82901835
NENT-A.ST,-2.4360526,-2.1677897,-2.2149646,-2.2099793,-2.1924036,-2.3125403,-2.4246614
NIL-B.ST,-2.2638626,-2.4785995,-2.3285878,-2.3064864,-2.0884647,-2.1191018,-2.1293747
NTEK-B.ST,-0.7422977,-0.77704924,-0.7175419,-0.6497688,-0.5213969,-0.5386216,-0.56968653
OASM.ST,-5.3796916,-5.5905375,-5.443753,-5.4399195,-5.2245817,-5.273044,-5.2917285
PNDX-B.ST,0.5140317,0.68603265,0.6914748,0.65923756,0.73359555,0.5892518,0.4793005
QAIR.ST,-1.0409639,-0.7784339,-0.8259348,-0.82501477,-0.80640346,-0.93114924,-1.0454788
QLRO.ST,1.9179429,0.7672086,1.1404165,1.7152236,2.1545033,2.790341,3.173911
SAAB-B.ST,0.5793566,0.7431661,0.7273583,0.79327935,0.84088904,0.79507947,0.72793764
SAS.ST,17.09199,10.272305,12.122169,15.164908,17.25898,21.087194,23.419779
SBB-PREF.ST,-1.7789803,-1.4965717,-1.5488524,-1.5438089,-1.531324,-1.6538326,-1.768849
SCST.ST,-2.1923883,-2.023663,-2.015403,-2.060847,-1.9847019,-2.1393383,-2.252497
SECARE.ST,-11.268243,-11.189026,-11.147197,-11.195954,-11.092596,-11.227996,-11.318171
SECU-B.ST,-0.78743994,-0.9379715,-0.8161615,-0.79921716,-0.60567975,-0.6550552,-0.6838206
SEDANA.ST,-2.8361943,-2.6665158,-2.6549828,-2.7124922,-2.6335676,-2.7989483,-2.9162102
SENZA.ST,1.7399914,1.699106,1.6703564,2.0721905,2.0992274,2.4065058,2.5104096
SHB-B.ST,0.30564302,0.29523474,0.37823474,0.33345884,0.48870963,0.3585048,0.27811486
SKMO.ST,-1.6135068,-1.3981243,-1.4235524,-1.4133472,-1.3736843,-1.4811093,-1.5808455
SOLT.ST,-2.145435,-2.1330335,-2.0784838,-2.051215,-1.9311535,-1.9906179,-2.043026
SPOR.ST,3.1827242,2.953302,3.0536304,3.26573,3.4350634,3.5818305,3.6426303
SSAB-A.ST,1.5263174,-0.52346456,0.123926535,0.92251545,1.6783679,2.6547923,3.275034
STE-A.ST,-3.2937524,-3.1119683,-3.1371965,-3.075176,-3.0394058,-3.088642,-3.1586967
STE-R.ST,0.61435574,0.8629608,0.7885651,0.9380194,0.92314243,0.9457567,0.89543146
STEF-B.ST,-1.8035293,-1.6631253,-1.6375402,-1.6992953,-1.605173,-1.7712057,-1.8850777
STW.ST,-11.257464,-11.475712,-11.270417,-11.469951,-11.192896,-11.432012,-11.526148
SVOL-B.ST,-1.522416,-1.3408638,-1.3619024,-1.3150707,-1.2721967,-1.3386209,-1.4168434
SWEC-A.ST,-1.45513,-1.0925305,-1.20213,-1.1013737,-1.1521778,-1.1921264,-1.2828497
SWOL-B.ST,-2.6293867,-2.3326485,-2.3911688,-2.3854575,-2.3802993,-2.50325,-2.6198997
TEL2-A.ST,0.5238399,0.7283205,0.7019708,0.735598,0.775306,0.69017637,0.600329
TRAC-B.ST,-1.2604522,-1.0135982,-1.055847,-1.0281905,-1.0066918,-1.1015034,-1.1999744
TROAX.ST,0.21450391,0.46069476,0.42851642,0.4257977,0.4593354,0.3340629,0.22285824
VNE-SDB.ST,2.8251307,2.4796722,2.5787225,2.9622192,3.1258655,3.4561088,3.607422
VOLO.ST,-1.9591305,-1.7128702,-1.8025525,-1.6012282,-1.6352828,-1.5596339,-1.5869929
VSSAB-B.ST,34.70127,22.527233,25.774784,31.030712,34.763157,41.49142,45.581165
XSPRAY.ST,0.05785385,0.22439441,0.21737313,0.24684009,0.30415872,0.22304058,0.14119416
XVIVO.ST,-1.2047287,-0.96884817,-1.0105879,-0.9664094,-0.94526255,-1.0220376,-1.111428
ZZ-B.ST,-5.401252,-5.228654,-5.2367682,-5.226741,-5.1734343,-5.269785,-5.3573647
