,0,1,2,3,4,5
8TRA.ST,-1.9770206,-1.7513074,-1.4703152,-1.5302548,-0.6709707,0.81515944
ABB.ST,-0.038950227,0.045961503,0.36630002,-0.18905616,0.4070135,1.2235922
ACAD.ST,-0.4442522,-0.31382856,0.007860984,-0.43066797,0.29965767,1.3711284
ACTI.ST,-34.438366,-43.195866,-46.92918,-32.216736,-67.32721,-88.48057
ADAPT.ST,0.2458348,0.30650285,0.5962033,0.050462812,0.45866266,1.0197372
AF-B.ST,0.14662035,0.2394012,0.5545237,0.046314258,0.6531374,1.4943153
AJA-B.ST,-0.9303934,-0.890502,-0.58196783,-1.2152905,-0.7697893,-0.23559731
ALM-PREF.ST,-0.80161184,-0.8596656,-0.5461341,-1.4750189,-1.2988925,-1.2894734
AMAST.ST,-77.742165,-184.42126,-207.83357,-83.932976,-458.6075,-697.14966
ARJO-B.ST,-1.0624884,-1.1130724,-0.8118254,-1.6675979,-1.4944373,-1.4907862
ATCO-A.ST,-0.3806021,-0.30796894,0.0052717193,-0.5539255,-0.006855912,0.7208609
AZA.ST,-0.7374623,-0.4917325,-0.19310933,-0.15636906,0.85255337,2.6297126
B3.ST,1.8221438,1.825664,1.9631138,2.5541008,2.4953456,3.7640157
BACTI-B.ST,-1.7520835,-1.8246619,-1.5319728,-2.4324045,-2.3435552,-2.492521
BERG-B.ST,-0.08023727,-0.033091027,0.11031212,0.68220085,0.7745369,2.0247543
BETS-B.ST,0.9904393,0.89995587,0.9418683,1.8584467,1.3266065,2.214784
BIM.ST,3.389177,3.1734252,3.1390953,4.301998,3.2293725,3.825886
BONAS.ST,-5.8420777,-5.928087,-5.639124,-6.5669775,-6.506509,-6.695956
BONAV-B.ST,1.0278708,1.1716856,1.4034547,1.6843506,2.2430842,3.8354747
BRIN-B.ST,-1.805213,-2.9815428,-3.8357606,-0.3486166,-6.3524857,-8.901484
BTS-B.ST,-2.1940467,-2.1067426,-1.8075656,-2.2798774,-1.7133113,-0.9534819
CAT-B.ST,-1.2049657,-1.021062,-0.71070945,-0.95012873,-0.08839362,1.253084
CCC.ST,-0.2636266,-0.06934496,0.18666355,0.3880543,1.1525654,2.819557
CCOR-B.ST,3.9864812,0.3146924,-2.4024532,7.034583,-10.571811,-20.010653
CIBUS.ST,-1.4202667,-1.5185561,-1.2351425,-2.1975112,-2.2421565,-2.5679672
COIC.ST,-0.5585469,-0.30758774,0.01312266,-0.06819323,1.0037932,2.7870903
CORE-B.ST,-0.8581765,-0.799649,-0.49901727,-1.0520979,-0.57135546,0.027120197
CTT.ST,-2.5289812,-2.3679247,-2.062586,-2.3553772,-1.5648106,-0.3672558
DIGN.ST,0.9363646,1.0189794,1.1771865,1.7020013,1.9169313,3.2238443
ELOS-B.ST,0.899355,0.9845988,1.2974079,0.78212553,1.3609565,2.1416998
ENDO.ST,-37.07096,-50.685513,-55.418644,-35.113194,-87.12334,-118.93887
EOS.ST,-0.15742828,-0.7227696,-1.0650741,0.95869476,-1.8771042,-2.4778147
EPI-A.ST,-1.9874364,-1.9871873,-1.7035092,-2.4024868,-2.1676364,-1.9502959
EPI-B.ST,-2.2197788,-2.2121782,-1.9291586,-2.6064708,-2.3515198,-2.0937917
EQT.ST,-4.3680706,-4.4082484,-4.1319456,-4.922478,-4.8078227,-4.8202558
ERIC-A.ST,-0.5733348,-1.9858568,-2.9887772,1.003202,-5.9093285,-9.028193
FIRE.ST,-1.8763567,-1.8353112,-1.5270474,-2.1617517,-1.7106501,-1.1630447
FLEXM.ST,-1.4729266,-1.3441502,-1.1762556,-0.76244426,-0.4681447,0.8575963
FLEXQ.ST,-0.52734774,-0.5548024,-0.4703363,0.28644085,0.03644228,1.0509773
G5EN.ST,5.0907445,4.2522626,3.798238,6.267552,2.4597876,1.4457494
GENO.ST,0.6750251,0.8628265,1.0834947,1.3748977,1.9868038,3.5385466
GIGSEK.ST,37.36149,34.8256,33.316628,39.411377,28.237082,23.763006
GREAT.ST,-4.859825,-4.93989,-4.6566987,-5.5534787,-5.495675,-5.6931734
GREEN.ST,-1.4370297,-1.3189315,-1.0321798,-1.4199537,-0.84983844,0.022238271
HANZA.ST,-0.14746548,0.09891737,0.40338483,0.39408982,1.4177641,3.1389353
HEIM-PREF.ST,0.22293474,0.19290134,0.5092579,-0.34788984,-0.08919503,0.075507
HIQ.ST,0.15107265,0.110872775,0.20400095,0.9320765,0.6558329,1.7465956
HUFV-A.ST,0.09506753,0.06886085,0.3777578,-0.4364743,-0.18201913,-0.023951378
IAR-B.ST,1.4587679,1.6264087,1.8749641,2.1044168,2.767745,4.4164095
IMMU.ST,0.4888524,0.016013399,-0.25216347,1.5673486,-0.79948354,-1.1047161
INISS-B.ST,-1.894148,-1.6538534,-1.3632153,-1.3358406,-0.35348806,1.3140688
INZILE.ST,-5.4194937,-5.236259,-4.9616175,-5.137627,-4.3962417,-3.1670895
IPCO.ST,1.3977549,1.5340316,1.7532471,2.0813348,2.5908964,4.120393
IRLAB-A.ST,-3.737225,-4.0058346,-4.1149344,-2.7641256,-4.138468,-3.8294396
ITAB-B.ST,-4.825337,-6.00246,-6.748529,-3.4458551,-8.830132,-11.093683
ITECH.ST,-4.019724,-3.8753765,-3.595953,-3.893855,-3.2559848,-2.2433307
IVSO.ST,-2.6817782,-2.6379635,-2.3399596,-2.927846,-2.4864979,-1.9600345
JOMA.ST,-4.3091025,-4.3078933,-4.03089,-4.7113585,-4.4793134,-4.262275
JOSE.ST,-0.97139424,-0.96588403,-0.8467365,-0.20576423,-0.2866964,0.8905712
KAR.ST,-2.3862042,-2.4748554,-2.1940305,-3.1244829,-3.1439748,-3.4189298
KNOW.ST,-0.4537632,-0.22511208,0.058428865,0.16282961,1.0876776,2.8472483
LOG.ST,-0.09836938,-0.07439089,0.24207678,-0.46720222,-0.053083595,0.41137257
LUMI.ST,-0.038263716,0.21458444,0.53554815,0.4621835,1.5382273,3.3297555
LYKO-A.ST,-1.2561171,-1.3215091,-1.0215524,-1.9137082,-1.7849034,-1.8652015
MCAP.ST,-3.8471506,-3.8179421,-3.5263982,-4.1390915,-3.750515,-3.32479
MIDS.ST,-2.9993157,-2.9884963,-2.9174287,-2.2174337,-2.4949744,-1.5252812
NEXAM.ST,0.54743487,-0.06837537,-0.411111,1.6912495,-1.2087003,-1.8494117
OPUS.ST,-0.3685062,-0.13002771,0.15373781,0.25744265,1.2137246,2.94698
ORGC.ST,-1.629454,-1.3903767,-1.0950881,-1.0516543,-0.06691896,1.715264
OV.ST,4.0745454,1.9484075,0.51874727,6.117621,-3.5442662,-8.284455
OVZON.ST,-3.3124287,-3.226996,-2.9462736,-3.40664,-2.9340844,-2.246502
PCELL.ST,-3.0939403,-2.8629715,-2.60867,-2.464317,-1.6315176,-0.00047807625
PFE.ST,-0.7784013,-0.64149034,-0.3247143,-0.7240894,0.015223949,1.1102966
PLAZ-B.ST,-1.0658815,-1.0401611,-0.738119,-1.3857583,-0.99265975,-0.56814855
PREV-B.ST,1.8848087,1.4682862,1.2224678,2.9525788,0.6969705,0.51027274
PROF-B.ST,1.3037264,1.4717029,1.7216463,1.9447011,2.612516,4.2690215
RAKE.ST,-1.2204367,-1.4814137,-1.6256405,-0.25507835,-1.8568943,-1.6708539
RECI-B.ST,-0.16555573,-0.026231494,0.28679454,-0.08640809,0.6504998,1.7358569
SAGA-B.ST,-2.5164974,-2.4837549,-2.1881716,-2.8011882,-2.398662,-1.9501004
SAGA-PREF.ST,0.49544725,0.4725006,0.790826,-0.05400634,0.22821108,0.4362739
SAPIAB.ST,-0.9140205,-0.66786003,-0.36552265,-0.33584157,0.68223524,2.5041373
SCA-A.ST,-0.39638886,-0.37542516,-0.05960943,-0.7762771,-0.3712489,0.07692945
SDIP-PREF.ST,-0.42641234,-0.48875946,-0.17533848,-1.1129727,-0.95070916,-0.96713555
SHB-A.ST,-0.41059256,-0.1953348,0.0833385,0.20111026,1.0753868,2.827185
SHOT.ST,-0.09526185,0.15753756,0.46856606,0.46165863,1.5154352,3.3363988
SKF-A.ST,0.53468555,0.7840158,1.089682,1.1184502,2.1479478,3.9755213
SOLNA.ST,-1.5049195,-1.5747777,-1.2673856,-2.20511,-2.0737262,-2.142923
STAR-A.ST,2.104355,-0.5350946,-2.3465223,4.533464,-7.4456663,-13.457797
STORY-B.ST,-3.6747727,-3.5337749,-3.236638,-3.5576684,-2.8371928,-1.7743131
SVOL-A.ST,0.09149773,0.22236842,0.42191857,0.80862296,1.2656528,2.7014058
SWMA.ST,-1.7781546,-1.8439527,-1.5426018,-2.444388,-2.3129199,-2.382252
TEQ.ST,-2.5452514,-2.3246074,-2.0833836,-1.9056013,-1.1600038,0.4228945
TOAD.ST,-8.028108,-8.085237,-7.820023,-8.627827,-8.570653,-8.684102
VBG-B.ST,-1.2206414,-1.0267403,-0.7171468,-0.926565,-0.037503883,1.3530904
VEMF-SDB.ST,-0.98330224,-0.9427656,-0.63275677,-1.2717564,-0.82122666,-0.27924067
VIT-B.ST,-2.3047032,-2.258204,-1.9607953,-2.5384076,-2.0919435,-1.5592864
VNV-SDB.ST,-1.288157,-1.1863921,-0.8671972,-1.3791332,-0.7329501,0.18053497
VOLV-A.ST,-0.28599983,-0.17431563,0.14693107,-0.33947265,0.33591506,1.3051611
WIHL.ST,-1.6406617,-1.6306707,-1.3301306,-2.0190406,-1.672218,-1.3370539
XANO-B.ST,0.24572897,0.47284275,0.76183575,0.851692,1.7807565,3.5744402
24STOR.ST,-1.3753278,-1.3413543,-1.0563995,-1.6639168,-1.334488,-0.92607564
AAC.ST,0.24466802,0.19619484,0.276319,1.0568641,0.7302085,1.7700077
AAK.ST,-0.101911075,-0.03633999,0.2767625,-0.29979485,0.22592226,0.91162485
AEC.ST,-2.8420007,-2.6028621,-2.3244746,-2.3404462,-1.445712,0.11409042
ALIG.ST,-0.8024869,-0.55077016,-0.23519695,-0.2836602,0.7798049,2.577849
AMAST-PREF.ST,-1.3988366,-1.4617974,-1.1526663,-2.0787587,-1.9243494,-1.9509422
ARION-SDB.ST,-2.304544,-2.1253638,-1.841391,-2.0526638,-1.314272,-0.101723105
ASSA-B.ST,0.5546577,0.60716146,0.92492247,0.2953835,0.79137975,1.4176815
ATRLJ-B.ST,-0.77407175,-0.73614174,-0.42997992,-1.0583804,-0.62330717,-0.11437905
AVEN.ST,-2.322729,-2.105092,-1.8050401,-1.9068404,-0.96611875,0.5468423
AXIC-A.ST,-2.8117495,-2.5757513,-2.288895,-2.3151832,-1.3680077,0.2136869
BALD-B.ST,0.52786577,-0.48743242,-1.1949843,1.9103824,-3.2029178,-5.172489
BULTEN.ST,0.7720545,0.92875457,1.1738445,1.4034994,2.0298383,3.668754
CAG.ST,-3.4358644,-3.2005475,-2.926181,-2.9336615,-2.0570793,-0.51251286
CE.ST,-986.32153,-2298.1306,-2546.7285,-1126.6912,-5633.357,-8535.696
CEVI.ST,-2.100477,-1.93621,-1.6352806,-1.8984773,-1.108748,0.085144274
CONS-B.ST,-3.8715246,-3.807676,-3.5137508,-4.0365477,-3.542618,-2.915586
CORE-A.ST,-2.5016537,-2.3241374,-2.026591,-2.2474205,-1.4301134,-0.17122185
DDM.ST,-0.8984701,-0.7029755,-0.43676338,-0.28609076,0.50533414,2.2094486
DIST.ST,-0.2588587,-0.078695446,0.1677858,0.39838907,1.1009736,2.7312047
ELAN-B.ST,0.24787524,-0.47251752,-0.91654646,1.4491546,-2.0089014,-3.013734
ELTEL.ST,-0.35841125,-0.44225967,-0.395675,0.49200842,-0.006052342,0.8942253
ELUX-A.ST,-0.48704025,-0.23469585,0.08381441,0.02394459,1.0945656,2.8982332
ENEA.ST,-1.7078497,-1.5351707,-1.2313349,-1.4803369,-0.66163975,0.58705604
FING-B.ST,5.044727,2.0472953,-0.21169567,7.619817,-6.984121,-14.7406225
FNM.ST,0.016139135,0.26843807,0.58363146,0.5459994,1.6074419,3.4067938
FOI-B.ST,-0.5437611,-0.294744,0.029440323,-0.07687641,0.997406,2.7699814
FPAR-D.ST,-8.33437,-8.4178915,-8.15422,-9.028549,-9.047719,-9.307386
GOMX.ST,5.2592144,3.5292904,2.4376802,6.942248,-0.8472955,-4.243322
GPG-PREF.ST,-0.35823137,-0.42273068,-0.10849058,-1.0553986,-0.89771205,-0.92389613
HELIO.ST,-1.119621,-1.6509908,-1.9442196,-0.021658076,-2.5755174,-3.009017
HEXA-B.ST,-0.2233338,-0.16263998,0.15692,-0.46495214,0.061077558,0.7391577
HOFI.ST,1.2579235,1.3669344,1.5766363,1.929377,2.337676,3.856624
HTRO.ST,-0.3726633,-0.13817887,0.1555538,0.22111309,1.1843249,2.9832633
ICO.ST,-2.301049,-2.1422493,-1.8581212,-2.1265564,-1.444842,-0.34663877
INDEX.ST,-1.435301,-1.1989412,-0.915998,-0.8185887,0.13276294,1.8646697
INDT.ST,-0.5485805,-0.50491613,-0.19477244,-0.8226853,-0.36418787,0.19211513
INFREA.ST,-1.2901251,-1.2774904,-0.9917268,-1.6620737,-1.3905715,-1.1026949
INTRUM.ST,-0.17626673,0.072486095,0.37722063,0.4015531,1.4297985,3.249883
INVE-A.ST,-0.7155592,-0.6877139,-0.37748086,-1.0517441,-0.63775986,-0.16912672
IRRAS.ST,1.0496544,1.0338358,1.1441833,1.8291997,1.6591207,2.8192918
JETPAK.ST,-3.93877,-4.0236826,-3.7472765,-4.656874,-4.6694,-4.9271383
K2A-B.ST,-4.694551,-4.588647,-4.3118505,-4.7065644,-4.1798477,-3.3813634
KABE-B.ST,0.8834909,1.04324,1.2858869,1.5305122,2.1599004,3.7906168
KIND-SDB.ST,3.3301547,3.2782743,3.389428,4.0635853,3.7812438,4.956989
KLOV-PREF.ST,0.0023094898,-0.03935568,0.2756555,-0.6092087,-0.38600057,-0.2878009
LAGR-B.ST,-1.3073044,-1.2211914,-0.9163294,-1.4085112,-0.8364766,-0.06489715
LEMSE.ST,3.8306394,2.4586885,1.661221,5.174675,-0.9363019,-3.2018688
LEO.ST,4.060286,3.7603807,3.699909,4.914071,3.532014,4.0491614
LOOM-B.ST,-0.35784227,-0.20755184,0.111557126,-0.25884125,0.52228546,1.6945758
MAGI.ST,0.3651647,0.2900583,0.36054605,1.1625215,0.73465765,1.7452362
MAHA-A.ST,1.2893809,1.3792837,1.544118,2.022902,2.2680762,3.5675495
MAXF.ST,-0.3368595,-0.33347565,-0.020940006,-0.77149314,-0.42381355,-0.08518485
MCOV-B.ST,-1.9939152,-2.0615125,-1.7624329,-2.6609688,-2.5384052,-2.6255424
MMGR-B.ST,-0.7055085,-0.6267998,-0.30889067,-0.8753184,-0.2999119,0.47846973
MSON-B.ST,1.2913989,1.0159189,0.9145869,2.2771094,0.888081,1.216886
MTG-B.ST,-1.5810248,-2.9232693,-3.8100052,-0.055859536,-6.259225,-9.006025
MYCR.ST,-0.9799021,-0.73319453,-0.42938286,-0.4394794,0.58592623,2.3157322
NAXS.ST,0.47599995,0.50094414,0.8212972,0.10042854,0.5237757,1.0016783
NCC-A.ST,-0.3726462,-0.124132596,0.176095,0.21342649,1.2327697,3.020765
NDA-SE.ST,-0.5114025,-0.26614872,0.038516577,0.05950933,1.0785733,2.9061003
NENT-B.ST,-3.2860823,-3.3264072,-3.0471625,-3.844599,-3.7282777,-3.7385426
NET-B.ST,3.384664,3.0883427,2.9977634,4.3360925,2.9065704,3.2879274
NIBE-B.ST,-1.8576009,-1.8697282,-1.5703099,-2.3160195,-2.0340161,-1.8214802
NMAN.ST,-1.1137631,-1.1304162,-0.8266393,-1.5991541,-1.3239642,-1.1230103
NNH.ST,0.060921114,0.19826384,0.5189541,0.10881736,0.8548609,1.960574
NOBI.ST,0.59354925,0.79620355,1.0637673,1.2315677,2.0416803,3.7593708
NOLA-B.ST,-0.8961241,-0.6694895,-0.38343108,-0.295513,0.62995046,2.4006612
NP3-PREF.ST,-1.685398,-1.7861378,-1.5035496,-2.4704356,-2.5227513,-2.8626742
ORX.ST,0.4951313,0.42156166,0.45514184,1.373376,0.8560624,1.7248608
PEGRO-PREF.ST,2.36359,2.5374403,2.7982097,2.9918528,3.6967711,5.4038343
PIEZO.ST,0.46164542,0.6426146,0.89705825,1.1009111,1.8195189,3.4838583
POOL-B.ST,-201.91547,-352.95834,-380.66364,-219.4787,-734.46606,-1067.1505
PREC.ST,-66.48004,-121.89818,-134.85068,-68.68305,-264.88443,-389.57364
PROB.ST,1.8876263,1.8588592,1.9679748,2.6576786,2.443162,3.6086693
RAIL.ST,-1.7305083,-1.49573,-1.1885713,-1.2640395,-0.26290825,1.3845787
RROS.ST,0.5109867,0.43223107,0.46467966,1.3871386,0.8558673,1.7108288
SAGA-A.ST,-3.219733,-3.0352156,-2.7424254,-2.9485376,-2.1268704,-0.8480332
SAGA-D.ST,0.11981025,0.09443911,0.41085884,-0.4343465,-0.16194019,0.02914834
SAND.ST,-0.70826787,-0.52407724,-0.20459796,-0.48357624,0.3963239,1.7616277
SDIP-B.ST,-4.2607045,-4.160728,-3.868014,-4.2908525,-3.6955311,-2.8737764
SEMC.ST,0.016176037,-0.045521986,0.0025365928,0.8793961,0.43635577,1.3451886
SEYE.ST,-2.0266285,-1.7978117,-1.4999094,-1.5589887,-0.5923923,0.9785579
SJR-B.ST,0.09595007,0.1682356,0.3448218,0.7999778,1.0333598,2.4257169
SKIS-B.ST,-0.96435046,-0.74402934,-0.4318161,-0.57113016,0.3971584,1.9602466
SPEQT.ST,0.81537914,0.8026588,0.8810639,1.6493758,1.402829,2.4314542
SRNKE-B.ST,-0.5293548,-0.337272,-0.076223664,0.09893883,0.8679235,2.5557761
SSM.ST,0.48147184,0.23924296,0.16183501,1.4484552,0.21454296,0.63666916
STIL.ST,-2.036786,-1.8150221,-1.5133995,-1.6115735,-0.6564727,0.87506866
SUS.ST,-3.211281,-2.9647162,-2.6778631,-2.6825259,-1.706801,-0.07402395
SVED-B.ST,4.3017287,2.4157553,1.1884089,6.0894666,-2.435366,-6.543664
SWEC-B.ST,-1.5433029,-1.4458231,-1.1419798,-1.6002458,-0.9969723,-0.16616434
SWED-A.ST,-0.09297907,0.1151608,0.39349845,0.5102805,1.36205,3.1155913
SYSR.ST,-1.0871725,-0.93865985,-0.62645125,-0.9755991,-0.21145348,0.93143547
TAGM-B.ST,2.383751,2.0151265,1.8649294,3.3824947,1.6194291,1.7427813
TIGO-SDB.ST,-1.442741,-1.208849,-0.915935,-0.86051357,0.10298999,1.8896189
TRIAN-B.ST,-1.6816157,-1.7386392,-1.4398986,-2.3066835,-2.1552331,-2.1913633
VITR.ST,-1.317186,-1.1223782,-0.81351554,-1.0174503,-0.12703732,1.2672712
VOLO-PREF.ST,0.5106167,0.4755688,0.7947957,-0.087678656,0.1620483,0.3058607
VOLV-B.ST,-0.23068841,-0.12590447,0.19531988,-0.30994472,0.34547883,1.2761222
ACCON.ST,-0.0032319194,0.15300706,0.3864793,0.658384,1.2612902,2.8508036
AGES-B.ST,1.6095672,1.2456546,1.1064718,2.5708637,0.8456727,1.008466
AKEL-D.ST,-6.0374694,-6.0693626,-5.7979584,-6.55341,-6.419729,-6.389432
ALFA.ST,-0.8863695,-0.7396398,-0.42154542,-0.8002667,-0.029769812,1.1249031
ALIV-SDB.ST,1.6643425,1.6853064,1.8406869,2.3627486,2.3948135,3.7201498
AMBEA.ST,0.121342525,0.3742369,0.6847532,0.6756982,1.7283,3.5280862
AOI.ST,1.5981085,0.2173348,-0.7462314,3.178212,-3.4958296,-6.450435
AQ.ST,-0.057748165,0.19253784,0.5082883,0.45553696,1.5129718,3.284837
ASPIRE.ST,4.3286786,4.202758,4.240201,5.1838226,4.5228887,5.42015
ATCO-B.ST,-0.44377038,-0.36636305,-0.0532566,-0.5991473,-0.03853419,0.7156971
ATORX.ST,2.9543543,2.472099,2.27202,3.918578,1.7067547,1.6598079
ATT.ST,0.120096266,0.22713609,0.43198878,0.79071164,1.1869001,2.6777043
AWRD.ST,-2.2973788,-2.1204197,-1.8201454,-2.0457008,-1.220631,0.04411389
AZN.ST,-0.28958097,-0.3246469,-0.02098281,-0.8403134,-0.620113,-0.53072554
BELE.ST,-1.0424007,-0.8000372,-0.5115625,-0.44634005,0.534386,2.2448158
BHG.ST,-1.2591937,-1.2660139,-0.9803215,-1.7035083,-1.4869217,-1.3072766
BIOA-B.ST,-1.0287797,-0.87633336,-0.67477745,-0.32671228,0.18027383,1.635707
BIOT.ST,-0.88407916,-0.79486364,-0.48621708,-0.9834088,-0.39654866,0.40501755
BOOZT.ST,-0.9295843,-0.7225158,-0.44648105,-0.3301961,0.51649797,2.2551346
BRIG.ST,0.6831983,0.67916054,0.78685915,1.4867098,1.3493571,2.4855719
BUSER.ST,-2.557313,-2.4288225,-2.1361449,-2.5031743,-1.8478798,-0.89403963
CAT-A.ST,0.20888044,0.4223746,0.7364513,0.5745587,1.5239629,3.0377018
CATE.ST,-2.4811523,-2.2900248,-1.9916307,-2.1753733,-1.3157231,0.021842584
CLA-B.ST,3.6293619,1.0044888,-0.83241904,5.830038,-6.600047,-13.074558
CLNK-B.ST,-3.5502844,-3.566491,-3.2750442,-4.0109634,-3.7527306,-3.5790734
COLL.ST,-3.1387553,-4.0531116,-4.581485,-1.955088,-6.111724,-7.4911003
DORO.ST,-0.9693137,-0.7802823,-0.5303913,-0.31567714,0.42329195,2.0594976
DRIL.ST,-0.67357826,-0.47639543,-0.1560229,-0.40124503,0.51728785,1.9614042
DURC-B.ST,0.19896834,-0.6194439,-1.1520748,1.4563892,-2.5541232,-3.8814642
DUST.ST,-0.08599505,0.1676332,0.4805508,0.46968982,1.5298171,3.368753
ENG.ST,-0.04488222,0.06510775,0.3868549,-0.105595134,0.5651916,1.5230228
ENQ.ST,6.2358904,-4.7684684,-9.9800005,10.035835,-35.47276,-62.287544
ENZY.ST,3.5131774,3.1557286,2.9680812,4.573688,2.683181,2.7383263
EOLU-B.ST,-5.084336,-4.9049006,-4.618927,-4.826528,-4.031804,-2.796027
ETX.ST,0.033448048,-0.07436133,-0.053092957,0.9216674,0.29715914,1.0970031
FERRO.ST,-5.6583548,-5.453665,-5.180883,-5.2885346,-4.4906044,-3.1382914
FIL.ST,0.77323353,0.96551853,1.2266626,1.4153082,2.1805093,3.8738978
FOOT-B.ST,-2.0479927,-1.8102707,-1.5355676,-1.5223447,-0.64521235,0.9281036
FPAR-A.ST,-0.67518693,-0.634291,-0.33173797,-0.93694746,-0.50073653,0.0075888843
GAPW-B.ST,0.17112973,0.33071604,0.5579268,0.8584791,1.4593939,3.0126665
GETI-B.ST,2.525618,2.458099,2.770349,1.8417252,1.9779466,1.9006245
GHP.ST,-1.3030846,-1.2353815,-0.93242013,-1.467826,-0.95221394,-0.2898806
GUNN.ST,-0.59428513,-1.4855335,-2.031301,0.68501097,-3.4562485,-4.8953123
HM-B.ST,-0.4985304,-0.52027357,-0.44026747,0.32528147,0.074914016,1.0831854
HNSA.ST,2.6045175,2.3933387,2.3788927,3.4530327,2.435733,3.1177726
HPOL-B.ST,-0.5344573,-0.42869246,-0.23812239,0.16584077,0.5320528,1.9392408
HUM.ST,-0.68135613,-0.45888054,-0.17974071,-0.06267904,0.83527344,2.5804267
HUSQ-B.ST,1.1184489,0.78684205,0.6530386,2.1073418,0.49226725,0.6694759
IMMNOV.ST,-1.8780215,-1.664884,-1.4074762,-1.2232275,-0.3934223,1.2510899
INDU-A.ST,-0.51014566,-0.4772696,-0.16137333,-0.8462408,-0.40661862,0.10771373
IVACC.ST,-3.4285667,-3.3386676,-3.0519443,-3.5084677,-2.9848435,-2.2515185
JM.ST,1.2895389,1.3709202,1.6859957,1.152618,1.7236493,2.4889846
KAPIAB.ST,-0.29029685,-0.3205059,-0.009109075,-0.8472051,-0.5980797,-0.44659758
KINV-B.ST,-0.9464526,-0.70859826,-0.40797374,-0.37807265,0.61228436,2.4289217
LIFCO-B.ST,-1.353626,-1.21395,-0.90405875,-1.2698251,-0.5346932,0.55083764
LIME.ST,-4.5365443,-4.6060805,-4.3309827,-5.196501,-5.1663384,-5.340759
LUND-B.ST,-0.51339483,-0.5638159,-0.25485778,-1.1398152,-0.95286554,-0.9194529
MINEST.ST,-3.0565438,-2.8214808,-2.5574245,-2.4465816,-1.5683786,0.074826494
MIPS.ST,-3.679863,-3.6433053,-3.3542097,-3.9526172,-3.55537,-3.1045282
MNTC.ST,-3.1263528,-2.9017951,-2.657856,-2.4937212,-1.7272245,-0.13831311
MSAB-B.ST,1.7819163,1.6398689,1.6813159,2.5647516,1.8728921,2.7741704
MSON-A.ST,0.086616434,-0.21961789,-0.34200343,1.0727794,-0.444155,-0.21488994
MTG-A.ST,1.178361,1.3436717,1.5840328,1.8444936,2.484717,4.100855
MTRS.ST,1.0911238,1.2660924,1.5128549,1.7533244,2.436093,4.0772524
NETI-B.ST,-22.820286,-48.77317,-56.482803,-21.271381,-116.73663,-176.29082
NLAB.ST,-0.37263486,-0.36312088,-0.24818036,0.41964418,0.34155744,1.4983214
NOKIA-SEK.ST,1.0036827,1.1507095,1.3815401,1.6669548,2.2334552,3.8152902
NWG.ST,-0.8690212,-0.84768236,-0.5364541,-1.2347397,-0.8368051,-0.4003636
NYF.ST,-3.8846886,-3.811993,-3.5338783,-4.0192766,-3.5862806,-2.9682274
ONCO.ST,-0.28796062,-0.09122197,0.15880826,0.3833512,1.1445057,2.774568
ORES.ST,-0.4493802,-0.2896582,0.033536766,-0.32998312,0.4872889,1.7258768
PAX.ST,-1.3769443,-1.1571946,-0.8918151,-0.7282912,0.13712238,1.8150986
PENG-B.ST,1.1777322,0.8363226,0.6323498,2.1972668,0.20435871,0.16728511
PLED.ST,0.67801446,-0.50834376,-1.2933775,2.1471674,-3.4153724,-5.717151
PRCO-B.ST,-1.4451504,-1.3178587,-1.0159811,-1.3853232,-0.70182484,0.2810637
RAY-B.ST,0.21768631,0.16419452,0.23910393,1.0374442,0.6852646,1.7043345
SBB-B.ST,-4.3446293,-4.3258343,-4.038334,-4.6796274,-4.3326397,-3.9797409
SCA-B.ST,-0.72148633,-0.70677036,-0.3926878,-1.1209054,-0.73633873,-0.32565427
SECT-B.ST,-6.5808296,-6.677131,-6.396113,-7.3239493,-7.306175,-7.5806327
SENS.ST,-1.32958,-4.4959307,-6.690603,1.0720133,-13.852256,-21.903248
SEZI.ST,-3.433987,-3.417087,-3.1235168,-3.7737544,-3.4162385,-3.0529027
SF.ST,-3.003456,-3.0424771,-2.7499516,-3.5514705,-3.358016,-3.3116035
SINT.ST,-3.90882,-3.7964354,-3.5027564,-3.8948033,-3.2643156,-2.3744583
SKF-B.ST,0.42481083,0.6715302,0.97430843,1.0144047,2.0303838,3.8524196
SLITE.ST,-4.019228,-3.786266,-3.5140665,-3.5208085,-2.6534812,-1.1218301
SMF.ST,-0.361903,-0.3513583,-0.24316,0.44944108,0.36048362,1.4847323
SNM.ST,1.77953,-0.3402907,-1.8936418,3.7856138,-6.4711304,-11.629895
SOF-B.ST,-1.498567,-2.1946723,-2.6256382,-0.3140489,-3.6780422,-4.6384144
SPEC.ST,0.122080505,0.2940606,0.5256758,0.8168142,1.4645945,3.0316927
STAR-B.ST,-0.9918374,-3.6035566,-5.399455,1.3981496,-10.455597,-16.432915
STRAX.ST,-71.67569,-127.41573,-140.1511,-74.2847,-270.8791,-395.95502
SVIK.ST,-17.693314,-25.07253,-28.666496,-15.019644,-45.51799,-63.515083
TEL2-B.ST,-0.46671033,-0.22551124,0.058957864,0.15078107,1.1170439,2.8368053
TELIA.ST,-0.8195144,-0.7040285,-0.5083216,-0.12586614,0.2814439,1.6970125
THULE.ST,0.076265015,0.1529687,0.47109187,-0.095713645,0.47172946,1.236172
TIETOS.ST,0.11082053,0.04838366,0.104677595,0.96517754,0.5493752,1.4759508
TOBII.ST,1.2705933,1.4153081,1.6313486,1.9765459,2.5069075,4.0133724
TORSAB.ST,-0.05953379,-0.07791867,0.23285218,-0.5685949,-0.28760648,-0.07725579
VERI.ST,0.7161412,0.73951936,0.8694418,1.4967113,1.4864491,2.710252
XBRANE.ST,0.005553965,0.16258158,0.39540938,0.67192405,1.2758307,2.865265
ACE.ST,1.2529022,1.3409489,1.6344972,1.1510693,1.640773,2.3540683
ADDT-B.ST,-1.1528264,-1.1316521,-0.8274593,-1.496641,-1.1122674,-0.7011099
AGRO.ST,-70.92109,-115.62074,-126.077324,-72.68144,-230.89107,-331.43878
ALLG-B.ST,1.3082552,0.9437425,0.7512325,2.3449416,0.4401513,0.44849747
ANOD-B.ST,-59.83889,-100.558266,-110.612305,-60.620373,-206.17677,-298.26932
ARP.ST,-0.43967643,-0.45737246,-0.146106,-0.95019704,-0.66516674,-0.44544572
ASAP.ST,-3.2690544,-3.0781386,-2.797025,-2.9687297,-2.1999638,-0.92385256
ATIC.ST,0.82805216,0.85429513,1.0031135,1.5515547,1.587478,2.8887072
ATVEXA-B.ST,0.5198833,0.4735648,0.7825466,-0.08496223,0.11090526,0.15643357
AUR.ST,-168.37941,-327.64142,-358.59717,-183.33856,-733.4459,-1085.7834
AXFO.ST,-0.4573738,-0.46530855,-0.15285172,-0.93531626,-0.61979055,-0.34246463
AZELIO.ST,-4.132717,-3.920487,-3.6440096,-3.7370124,-2.9161108,-1.5157874
BEGR.ST,-16.413036,-21.789429,-24.804554,-13.79536,-37.060463,-50.463303
BEIA-B.ST,3.2563217,3.3682525,3.5650704,3.9946666,4.3790345,5.8589034
BEIJ-B.ST,-1.189772,-1.1418519,-0.841937,-1.42108,-0.969506,-0.42890567
BESQ.ST,-0.36676905,-0.151508,0.11452246,0.28551623,1.1349791,2.827972
BETCO.ST,-1.933103,-1.94143,-1.6575298,-2.381047,-2.169939,-2.000713
BIOG-B.ST,-1.297023,-1.2453433,-0.9346307,-1.5470971,-1.0623012,-0.45210126
BMAX.ST,1.0595405,0.9585969,1.0033426,1.9018028,1.3422152,2.2524235
BOL.ST,-0.2525321,-0.02793274,0.2624887,0.33717868,1.2640125,3.0571218
BONES.ST,-3.2060146,-3.0584972,-2.7603467,-3.065149,-2.3254235,-1.2269497
BRAV.ST,-0.6899319,-0.6402608,-0.33172086,-0.936614,-0.4637236,0.12039747
BURE.ST,-0.14560635,0.075213015,0.33859533,0.51919377,1.3757746,3.0559943
CAMX.ST,-0.9292983,-0.6792366,-0.36928102,-0.38934824,0.6572634,2.4518778
CANTA.ST,-1.9411495,-1.838584,-1.53943,-1.9704329,-1.3631796,-0.52235603
CBTT-B.ST,-0.31637415,-0.251169,0.059088938,-0.5074549,0.012215328,0.68639207
CI-B.ST,-5.0070353,-4.777151,-4.4907465,-4.5236235,-3.5735564,-2.0137668
CLAS-B.ST,0.7120784,0.8656774,1.097277,1.3797257,1.9685295,3.5453868
CLAV.ST,1.2489614,0.7667459,0.5168216,2.337425,0.02017098,-0.2380569
CRED-A.ST,-1.851134,-1.843087,-1.536862,-2.256254,-1.903566,-1.55128
DELARK.ST,-3.9098692,-3.97998,-3.6805813,-4.598743,-4.4771852,-4.5569687
DOM.ST,-0.72053087,-0.5166118,-0.1935252,-0.4331897,0.51079786,1.9998128
EKTA-B.ST,-1.0835251,-0.8370206,-0.52667195,-0.57785326,0.4611841,2.184374
ELUX-B.ST,0.88005286,1.0793039,1.3526323,1.4950864,2.3065426,4.048427
EMBRAC-B.ST,-3.231759,-3.2108674,-2.913976,-3.5658596,-3.1906729,-2.794727
ESSITY-A.ST,-0.9337949,-1.0083983,-0.70068693,-1.64934,-1.5327452,-1.6311463
ESSITY-B.ST,-1.4671874,-1.54092,-1.2347245,-2.1775596,-2.05996,-2.1546733
EWRK.ST,-0.6414022,-0.40294516,-0.10398355,-0.062751144,0.9244588,2.7369766
FABG.ST,0.591563,0.5618287,0.869365,0.05369771,0.29429576,0.42081264
FAG.ST,1.0315344,1.0643595,1.218383,1.7512711,1.8169696,3.13712
FASTAT.ST,-3.1675754,-3.1668234,-2.87749,-3.5756373,-3.282579,-3.032685
FEEL.ST,-1.462552,-2.9634311,-4.024401,0.15614331,-7.081954,-10.426771
FOOT-PREF.ST,-1.0918907,-1.1566583,-0.84467524,-1.7868869,-1.6323509,-1.6621993
FPAR-PREF.ST,0.94413096,0.9568287,1.2776667,0.52385485,0.91168576,1.3212705
GENI.ST,-2.3406277,-2.1680396,-1.8742548,-2.111043,-1.3235198,-0.10955623
GHUS-B.ST,0.5931513,0.7124344,0.9172492,1.2917436,1.7228233,3.21369
GRNG.ST,-0.60264504,-0.3754488,-0.08938465,0.0026264945,0.92876863,2.7018175
HANDI.ST,-1.2628484,-1.0449905,-0.7639195,-0.665248,0.22507133,1.976987
HEBA-B.ST,-2.1184194,-2.2124772,-1.9136872,-2.8844194,-2.8380206,-3.0672216
HMS.ST,-0.7753206,-0.52442956,-0.21930127,-0.21435215,0.8241145,2.6040819
HOLM-B.ST,0.21974851,0.36768,0.68135583,0.3312593,1.0930504,2.2242525
HRNTS.ST,-3.3024793,-3.2631567,-2.9841769,-3.5604417,-3.2216895,-2.7861638
IMPC.ST,1.3376912,0.14090244,-0.6936785,2.818369,-3.0474613,-5.4970813
ISOFOL.ST,0.73086023,0.9022236,1.1552215,1.3605475,2.0469666,3.7095666
KAMBI.ST,0.65015364,0.8220336,1.0575107,1.3329793,1.9867744,3.5605197
KARO.ST,-30.280655,-39.379955,-43.338478,-27.811342,-64.53777,-86.55989
KDEV.ST,-0.96293175,-2.641194,-3.830426,0.79172677,-7.21035,-11.008869
KFAST-B.ST,-4.04064,-4.085703,-3.8086343,-4.613841,-4.512542,-4.5510154
KINV-A.ST,0.10189174,-0.057791796,-0.06677865,0.9929586,0.15225373,0.8270354
KLED.ST,0.7035537,0.81659454,1.1263148,0.69591117,1.3490121,2.2629752
KLOV-B.ST,-2.0854468,-2.0522206,-1.7542665,-2.3704052,-1.9613085,-1.5031923
LIAB.ST,0.8934154,1.1025895,1.3596215,1.5754317,2.3833144,4.0499787
LIDDS.ST,-1.6529533,-1.4209974,-1.1042371,-1.2370102,-0.22389746,1.4229033
LIPI.ST,-3.4112236,-3.1658356,-2.8960934,-2.8455315,-1.9528469,-0.3364912
LUPE.ST,-0.716842,-0.5238103,-0.20979038,-0.4406005,0.45336196,1.8449705
MANG.ST,-2.0731115,-1.8773135,-1.5729433,-1.7615844,-0.8744942,0.50537384
MEAB-B.ST,1.1820039,0.92054904,0.85416126,2.0905151,0.82221437,1.2795904
NEWA-B.ST,-0.22689699,-0.033354167,0.22595574,0.4120725,1.180646,2.860659
NHCBHFFS.ST,-26.523352,-26.458227,-26.243872,-26.574404,-26.193928,-25.640142
NOBINA.ST,-1.0705322,-1.0630418,-0.7521597,-1.4887732,-1.1304411,-0.76981837
NOTE.ST,-0.71820253,-0.47209784,-0.17632113,-0.13604268,0.86974335,2.6069918
NP3.ST,-0.5704527,-0.573261,-0.26894084,-1.0018892,-0.6872392,-0.41454586
OEM-B.ST,-1.5187186,-1.505935,-1.1983467,-1.9083153,-1.540338,-1.1584787
PACT.ST,0.50285286,0.68412966,0.93325585,1.1605626,1.8694184,3.5104747
PDX.ST,-1.7607555,-1.5288515,-1.2462461,-1.1533266,-0.21568839,1.5206935
PEAB-B.ST,0.6164474,0.7420216,1.0583129,0.6370877,1.338905,2.3541443
PRIC-B.ST,-4.271431,-4.1248426,-3.8361583,-4.136923,-3.427308,-2.3675292
QLINEA.ST,-3.6135721,-3.676436,-3.398571,-4.252937,-4.2016125,-4.3370504
RATO-A.ST,-0.038891815,-0.9417556,-1.5016134,1.2678999,-2.946916,-4.4106545
RATO-B.ST,2.084117,0.6553748,-0.3053791,3.7107477,-2.9223335,-5.897459
REJL-B.ST,-1.0580456,-0.9984723,-0.6971156,-1.2481518,-0.75997645,-0.15070306
RESURS.ST,-1.263104,-1.0502017,-0.7295801,-0.9347122,0.031322006,1.5710319
SALT-B.ST,0.40789497,-1.0285386,-1.9162456,1.894016,-4.58001,-7.2338896
SANION.ST,-0.39518398,-0.29898784,-0.115576945,0.31734514,0.639777,2.029283
SBB-D.ST,-3.9709637,-4.047675,-3.7711651,-4.659184,-4.648248,-4.860836
SEB-A.ST,-0.35122117,-0.098597646,0.21193942,0.20358475,1.2566142,3.0729861
SEB-C.ST,-0.070931025,0.112489186,0.43599227,0.14016609,1.0243754,2.3929744
SINCH.ST,-5.424303,-5.4793797,-5.199882,-6.0300055,-5.9187737,-5.9933047
SIVE.ST,-1.825512,-1.596385,-1.2849429,-1.4019108,-0.40746358,1.2082226
SKA-B.ST,0.11994553,0.24359713,0.44129017,0.8224235,1.2557871,2.664008
SOBI.ST,-1.7898813,-1.5852513,-1.328127,-1.1434011,-0.33915174,1.3100684
SSAB-B.ST,6.617364,4.689882,3.3509965,8.56412,-0.42243382,-4.788056
TETY.ST,0.9169159,1.124065,1.3918827,1.5660349,2.3892837,4.1084037
TFBANK.ST,-0.5563118,-0.5453031,-0.23598868,-0.95119387,-0.58772117,-0.21355337
TRAIN-B.ST,-6.8629875,-6.928445,-6.660012,-7.498055,-7.461851,-7.6187544
TREL-B.ST,-0.8244496,-0.58800495,-0.28755713,-0.25622168,0.72932005,2.547298
UPSALE.ST,-2.6195736,-2.5114777,-2.2286534,-2.6323037,-2.0944521,-1.2792602
VICO.ST,0.08043807,0.12867019,0.27202386,0.8491691,0.9443309,2.1988645
WALL-B.ST,-0.7733615,-0.8243186,-0.5198666,-1.3884425,-1.2111133,-1.1976925
ZETA.ST,-0.42402032,-0.28228724,0.034915607,-0.35116765,0.40167412,1.5206759
3KR.ST,-0.28743613,-0.3333999,-0.021920409,-0.90419346,-0.6998956,-0.63465804
ABSO.ST,-4.384085,-4.2771444,-3.987512,-4.3924613,-3.7892714,-2.9422436
ACRI.ST,-0.69198626,-0.7198412,-0.41210803,-1.2303271,-0.9806084,-0.8282548
ALIF-B.ST,-0.83747447,-0.8937811,-0.5920416,-1.464705,-1.3076179,-1.335596
ALM.ST,-5.2638726,-8.42514,-10.463954,-3.1188943,-17.68052,-25.622221
AM1S.ST,-0.1471013,0.0897316,0.4152176,0.26505196,1.3060726,2.9942694
ARISE.ST,-4.0381427,-3.8366525,-3.54509,-3.6922116,-2.8167367,-1.4366485
ATA-SDB.ST,-0.17857572,0.026004028,0.2534921,0.50385296,1.1571472,2.7237725
ATRE.ST,-1.3619782,-1.148396,-0.87664115,-0.7423085,0.115934916,1.8306019
BALCO.ST,-0.85524905,-0.840817,-0.5319648,-1.2391785,-0.8659099,-0.4774104
BILI-A.ST,-1.3184153,-1.0919756,-0.77869785,-0.90709436,0.08184969,1.6877412
BILL.ST,-0.504355,-0.25260487,0.06385656,0.008022883,1.0725956,2.855602
BINV.ST,-17.156973,-23.604658,-27.094328,-14.31693,-41.874695,-57.955437
BIOVIC-B.ST,-1.9792076,-1.789579,-1.4796221,-1.7081946,-0.8285713,0.544327
BONAV-A.ST,0.61593974,0.75665903,0.9857569,1.2689433,1.8144894,3.387939
BONEX.ST,-2.001637,-1.9474702,-1.6492274,-2.20807,-1.7389576,-1.1637317
BORG.ST,-3.7544394,-4.762319,-5.418653,-2.435246,-7.175418,-9.039522
BOUL.ST,-1.7940619,-1.5612133,-1.2746348,-1.1967849,-0.2483689,1.5089651
BRE2.ST,-1.8311348,-1.8033994,-1.4917532,-2.1798275,-1.759605,-1.2767208
BRG-B.ST,1.5932409,-0.6446595,-2.2697456,3.678908,-7.0684395,-12.5051565
BUFAB.ST,-0.549469,-0.36149862,-0.03957532,-0.31748414,0.57788974,1.9730505
BYGGP.ST,-1.3390621,-1.2727448,-0.96563447,-1.5216622,-1.0021133,-0.32571834
CALTX.ST,-4.777301,-4.5961084,-4.319176,-4.5080423,-3.7695956,-2.5516407
CAST.ST,-0.42637634,-0.47940472,-0.17526124,-1.0464208,-0.8764275,-0.87993085
CFISH.ST,-3.82689,-3.5985165,-3.3083298,-3.3364842,-2.3817105,-0.8034161
CLIME-B.ST,0.27645367,0.45977962,0.7012872,0.95722276,1.6588984,3.25737
COOR.ST,0.7784953,0.77121556,1.0878267,0.2963431,0.61855197,0.9039671
CORE-PREF.ST,-0.08590603,-0.1346978,0.17812032,-0.7167337,-0.5183341,-0.46522367
CRAD-B.ST,-1.876726,-1.7145056,-1.4043753,-1.711357,-0.9099534,0.30635205
CTM.ST,4.4406486,3.41727,2.8807044,5.549561,1.0211289,-0.28241774
DEDI.ST,0.37637758,0.20972212,0.2039385,1.2549545,0.39809683,1.0976932
DIOS.ST,-0.23287672,-0.2688537,0.03846534,-0.7979459,-0.5735857,-0.47222283
DMYD-B.ST,-2.9050953,-2.6610181,-2.3851306,-2.3174005,-1.3762707,0.28783166
DUNI.ST,-0.19926254,-0.12210442,0.19571966,-0.37053216,0.19855009,0.96558666
EAST.ST,-1.4229411,-1.4952868,-1.1922268,-2.117373,-2.0023813,-2.103111
ERIC-B.ST,4.1145444,1.7901952,0.075623155,6.2560225,-5.0727844,-10.846105
EVO.ST,-4.2654176,-4.276953,-3.9883685,-4.706417,-4.4407682,-4.2463045
FMM-B.ST,-0.5191615,-0.48169085,-0.16432747,-0.8428625,-0.38693255,0.15819472
FPIP.ST,-1.297156,-1.1961142,-0.8889762,-1.3499725,-0.7308695,0.13098975
FRISQ.ST,1.7466612,1.5652549,1.555769,2.6247792,1.7106761,2.4037778
GARO.ST,-1.134952,-0.99930763,-0.6933212,-1.0527929,-0.337108,0.7057349
HLDX.ST,4.352922,4.1677837,4.165551,5.2318864,4.311702,5.059335
HOLM-A.ST,-1.234448,-1.1140957,-0.80773497,-1.2108271,-0.53815603,0.4271451
HOVD.ST,-3.0684402,-2.9989295,-2.7067122,-3.2204587,-2.7234807,-2.0834048
HUSQ-A.ST,0.41526243,0.052610427,-0.106384605,1.4180074,-0.34040743,-0.2677965
IBT-B.ST,0.9991694,1.0954758,1.2775798,1.7233214,2.0401256,3.4075832
ICA.ST,-0.9704408,-0.8741016,-0.5631264,-1.0512497,-0.43916175,0.4116094
INDU-C.ST,-0.7687831,-0.7435123,-0.42899537,-1.1304507,-0.7146441,-0.24511103
INSTAL.ST,-1.7200955,-1.7018019,-1.4036907,-2.06093,-1.6956587,-1.3225542
INVE-B.ST,-0.77482617,-0.741228,-0.430903,-1.0898963,-0.65909606,-0.15767668
INWI.ST,-0.57182306,-0.33222392,-0.040174525,0.030441146,1.0063803,2.7835727
KLOV-A.ST,1.4314153,1.2659788,1.218534,2.3710277,1.3495578,1.9294578
LAMM-B.ST,-0.0008016979,0.048352577,0.1872721,0.7718554,0.8608946,2.0836687
LATO-B.ST,-1.1665745,-1.1342294,-0.8301606,-1.4676073,-1.0515397,-0.5777604
LUC.ST,3.747505,2.9633586,2.5322862,4.9257345,1.3356375,0.3743445
LUG.ST,-4.7031116,-4.677611,-4.388363,-5.0031123,-4.6263,-4.2185183
MAG.ST,1.4288707,1.3962531,1.4783348,2.2733254,1.9957739,3.0401034
MEKO.ST,1.1993648,1.1618173,1.2542304,2.0007849,1.7280328,2.8227217
MIDW-A.ST,-2.325795,-3.2277732,-3.8490534,-1.0471473,-5.5590043,-7.224265
MIDW-B.ST,-2.5177135,-3.798921,-4.718117,-1.0156518,-7.4103594,-10.213407
MOB.ST,-3.9722753,-4.57588,-4.925912,-2.8112159,-5.6829395,-6.3023577
MVIR-B.ST,31.462181,20.30511,14.752608,36.287174,-9.454547,-35.99965
NCAB.ST,-3.909424,-3.7809906,-3.5012078,-3.8439312,-3.2503152,-2.326406
NCC-B.ST,-0.2776737,-0.029226584,0.27105853,0.31004715,1.3289216,3.1204062
NENT-A.ST,-3.9059608,-3.9184759,-3.640517,-4.360148,-4.1660905,-4.023965
NIL-B.ST,1.9663123,1.9713486,2.1062033,2.712506,2.652086,3.9136279
NTEK-B.ST,-0.03839006,0.060594924,0.23774657,0.6858121,1.0030051,2.3423924
OASM.ST,-0.13612285,-0.036494598,0.12443476,0.6039366,0.8540184,2.1638398
PNDX-B.ST,-0.6592792,-0.4362305,-0.11894621,-0.2747932,0.7109216,2.2951038
QAIR.ST,-4.38879,-4.3681297,-4.0917816,-4.71506,-4.429841,-4.102681
QLRO.ST,-2.2898395,-3.3986282,-4.1044583,-0.899588,-6.0225425,-8.084375
SAAB-B.ST,0.04221377,0.24780574,0.5217469,0.65766126,1.4919416,3.2302558
SAS.ST,12.395689,5.2452283,0.88937896,16.43245,-15.314678,-33.3995
SBB-PREF.ST,-1.1131352,-1.1786939,-0.8717024,-1.7933177,-1.6518279,-1.70251
SCST.ST,0.74922776,0.8221511,1.141484,0.56293184,1.1199622,1.8622568
SECARE.ST,-2.465965,-2.2623718,-1.963734,-2.1109738,-1.2143887,0.1961283
SECU-B.ST,-0.7608683,-0.71855843,-0.57596385,-0.014445762,0.06356057,1.3025544
SEDANA.ST,-2.718095,-2.7028344,-2.4082255,-3.0697575,-2.7194555,-2.3725088
SENZA.ST,3.1627321,2.938128,2.8978305,4.074383,2.9639285,3.5306048
SHB-B.ST,-0.58075786,-0.37617198,-0.10548308,0.036409765,0.8627678,2.5844104
SKMO.ST,0.23487401,0.3904341,0.71009976,0.35542122,1.1508428,2.348505
SOLT.ST,-1.0798804,-0.9070483,-0.6832429,-0.38656202,0.24331786,1.7797844
SPOR.ST,1.5885769,1.4373891,1.4735658,2.3696468,1.6404485,2.519479
SSAB-A.ST,7.540456,5.497446,4.089608,9.572862,0.123821974,-4.4885373
STE-A.ST,-1.4611427,-1.2269971,-0.9346716,-0.8769115,0.08616321,1.8691576
STE-R.ST,0.7186078,0.8985875,1.1565558,1.3476766,2.0700064,3.752072
STEF-B.ST,-1.7995062,-1.681951,-1.3794838,-1.778884,-1.1200781,-0.18557297
STW.ST,-1.7633454,-1.5180367,-1.2468024,-1.1675761,-0.2615853,1.3968431
SVOL-B.ST,-0.29166684,-0.04753889,0.24397981,0.31407556,1.3029647,3.052136
SWEC-A.ST,-1.6053544,-1.4979095,-1.1933129,-1.6275312,-0.9940844,-0.10534827
SWOL-B.ST,-4.3958926,-4.474132,-4.1770816,-5.1103296,-5.015449,-5.14378
TEL2-A.ST,0.24095537,0.42061827,0.73098636,0.48613068,1.3320217,2.6324284
TRAC-B.ST,0.007815211,0.1734534,0.49423775,0.16147155,0.9888463,2.2487729
TROAX.ST,-0.6450666,-0.5653119,-0.2552742,-0.7830346,-0.22121744,0.5327239
VNE-SDB.ST,3.818053,3.3594518,3.065156,4.924907,2.3578382,1.9967254
VOLO.ST,0.623739,0.78615654,1.0209881,1.2966679,1.91936,3.5076065
VSSAB-B.ST,-30.673153,-45.83532,-51.418125,-28.155544,-86.93302,-122.85635
XSPRAY.ST,-0.6359271,-0.3988216,-0.10699184,-0.035586476,0.93229336,2.7167332
XVIVO.ST,-1.2416455,-1.0085815,-0.70548874,-0.76651,0.22093134,1.8330364
ZZ-B.ST,-3.6549988,-3.423476,-3.1364684,-3.1779356,-2.2331188,-0.67740387
